09-14 13:41:58.662 I [app] started · Android 34 · Google sdk_gphone64_arm64
09-14 13:41:58.872 W [http] GET /api/profiles · http://192.168.1.10:9150 unreachable: Failed to connect to /192.168.1.10:9150
09-14 13:41:58.872 E [http] GET /api/profiles - no address reachable
09-14 13:41:59.333 W [http] GET /api/profiles · http://192.168.1.10:9150 unreachable: Failed to connect to /192.168.1.10:9150
09-14 13:41:59.334 E [http] GET /api/profiles - no address reachable
09-14 13:41:59.463 W [http] GET /api/profiles/active · http://192.168.1.10:9150 unreachable: Failed to connect to /192.168.1.10:9150
09-14 13:41:59.464 E [http] GET /api/profiles/active - no address reachable
09-14 13:42:49.025 I [ws] connected
09-14 13:49:04.822 I [app] started · Android 34 · Google sdk_gphone64_arm64
09-14 13:49:06.077 I [ws] connected
09-14 13:59:19.191 I [app] started · Android 34 · Google sdk_gphone64_arm64
09-14 13:59:21.701 I [ws] connected
09-14 15:53:52.255 I [app] started · Android 34 · Google sdk_gphone64_arm64
09-14 15:53:53.533 I [ws] connected
09-14 16:21:13.858 W [http] GET /api/sessions/stats · http://192.168.1.101:9150 unreachable: timeout
09-14 16:21:13.860 E [http] GET /api/sessions/stats - no address reachable
09-14 16:21:16.123 E [ws] failed http=- — SocketTimeoutException: sent ping but didn't receive pong within 20000ms (after 80 successful ping/pongs) · RealWebSocket.writePingFrame$okhttp:563 ← RealWebSocket$initReaderAndWriter$lambda$3$$inlined$schedule$1.runOnce:219 ← TaskRunner.runTask:116 ← TaskRunner.access$runTask:42
09-14 16:21:16.125 D [ws] reconnect #1 in 300ms
09-14 16:21:30.218 I [ws] reconnected
09-14 16:21:30.219 I [chat] post-reconnect recovery · session=none · queued=0
09-14 16:21:33.884 W [http] GET /api/status · http://192.168.1.101:9150 unreachable: timeout
09-14 16:21:33.885 E [http] GET /api/status - no address reachable
09-14 16:22:20.407 W [http] GET /api/sessions/stats · http://192.168.1.101:9150 unreachable: timeout
09-14 16:22:20.407 E [http] GET /api/sessions/stats - no address reachable
09-14 16:24:11.767 W [http] GET /api/sessions/stats · http://192.168.1.101:9150 unreachable: timeout
09-14 16:24:11.768 E [http] GET /api/sessions/stats - no address reachable
09-14 16:24:32.281 W [http] GET /api/status · http://192.168.1.101:9150 unreachable: timeout
09-14 16:24:32.283 E [http] GET /api/status - no address reachable
09-14 16:25:18.800 W [http] GET /api/sessions/stats · http://192.168.1.101:9150 unreachable: timeout
09-14 16:25:18.801 E [http] GET /api/sessions/stats - no address reachable
09-14 19:40:40.482 I [app] started · Android 34 · Google sdk_gphone64_arm64
09-14 19:40:41.807 I [ws] connected
09-14 20:29:57.092 W [http] GET /api/sessions/stats · http://192.168.1.101:9150 unreachable: Read timed out
09-14 20:29:57.095 E [http] GET /api/sessions/stats - no address reachable
09-14 20:30:05.363 E [ws] failed http=- — SocketTimeoutException: sent ping but didn't receive pong within 20000ms (after 146 successful ping/pongs) · RealWebSocket.writePingFrame$okhttp:563 ← RealWebSocket$initReaderAndWriter$lambda$3$$inlined$schedule$1.runOnce:219 ← TaskRunner.runTask:116 ← TaskRunner.access$runTask:42
09-14 20:30:05.365 D [ws] reconnect #1 in 300ms
09-14 20:30:11.221 I [ws] reconnected
09-14 20:30:11.222 I [chat] post-reconnect recovery · session=20260914_160343_7a663611 · queued=0
09-14 20:30:17.138 W [http] GET /api/status · http://192.168.1.101:9150 unreachable: timeout
09-14 20:30:17.139 E [http] GET /api/status - no address reachable
09-14 20:43:47.965 I [app] started · Android 34 · Google sdk_gphone64_arm64
09-14 20:43:49.603 I [ws] connected
09-14 20:46:38.420 I [app] started · Android 34 · Google sdk_gphone64_arm64
09-14 20:46:40.331 I [ws] connected
09-14 20:46:54.038 I [app] started · Android 34 · Google sdk_gphone64_arm64
09-14 20:46:55.406 I [ws] connected
09-14 20:48:49.462 I [app] started · Android 34 · Google sdk_gphone64_arm64
09-14 20:48:58.188 I [ws] connected
09-14 20:49:09.955 W [http] GET /api/status · http://192.168.1.101:9150 unreachable: Read timed out
09-14 20:49:09.956 W [http] GET /api/profiles · http://192.168.1.101:9150 unreachable: timeout
09-14 20:49:09.958 E [http] GET /api/status - no address reachable
09-14 20:49:09.958 E [http] GET /api/profiles - no address reachable
09-14 20:49:10.977 W [http] GET /api/profiles · http://192.168.1.101:9150 unreachable: timeout
09-14 20:49:10.979 E [http] GET /api/profiles - no address reachable
09-14 20:49:11.455 W [http] GET /api/profiles · http://192.168.1.101:9150 unreachable: Read timed out
09-14 20:49:11.456 E [http] GET /api/profiles - no address reachable
09-14 20:49:20.810 W [http] GET /api/sessions/stats · http://192.168.1.101:9150 unreachable: timeout
09-14 20:49:20.813 E [http] GET /api/sessions/stats - no address reachable
09-14 20:49:25.543 I [app] started · Android 34 · Google sdk_gphone64_arm64
09-14 20:49:45.971 W [http] GET /api/status · http://192.168.1.101:9150 unreachable: timeout
09-14 20:49:45.975 E [http] GET /api/status - no address reachable
09-14 20:49:45.979 W [http] GET /api/status · http://192.168.1.101:9150 unreachable: timeout
09-14 20:49:45.981 E [http] GET /api/status - no address reachable
09-14 20:49:46.492 W [http] GET /api/profiles · http://192.168.1.101:9150 unreachable: Read timed out
09-14 20:49:46.497 E [http] GET /api/profiles - no address reachable
09-14 20:49:47.474 W [http] GET /api/profiles · http://192.168.1.101:9150 unreachable: timeout
09-14 20:49:47.476 E [http] GET /api/profiles - no address reachable
09-14 20:49:47.496 W [http] GET /api/model/info · http://192.168.1.101:9150 unreachable: timeout
09-14 20:49:47.497 E [http] GET /api/model/info - no address reachable
09-14 20:49:47.497 W [http] GET /api/profiles · http://192.168.1.101:9150 unreachable: timeout
09-14 20:49:47.502 E [http] GET /api/profiles - no address reachable
09-14 20:49:48.666 I [ws] connected
09-14 20:53:48.700 I [app] started · Android 34 · Google sdk_gphone64_arm64
09-14 20:53:50.670 I [ws] connected
09-14 20:58:54.625 W [http] GET /api/sessions/stats · http://192.168.1.101:9150 unreachable: timeout
09-14 20:58:54.630 E [http] GET /api/sessions/stats - no address reachable
09-14 20:59:17.612 I [app] started · Android 34 · Google sdk_gphone64_arm64
09-14 20:59:19.133 I [ws] connected
09-14 20:59:21.630 I [app] started · Android 34 · Google sdk_gphone64_arm64
09-14 20:59:23.149 I [ws] connected
09-14 21:01:17.142 I [app] started · Android 34 · Google sdk_gphone64_arm64
09-14 21:01:18.907 I [ws] connected
09-14 21:02:53.991 I [app] started · Android 34 · Google sdk_gphone64_arm64
09-14 21:02:55.823 I [ws] connected
09-14 21:02:58.084 I [app] started · Android 34 · Google sdk_gphone64_arm64
09-14 21:02:59.915 I [ws] connected
09-14 21:03:49.050 I [app] started · Android 34 · Google sdk_gphone64_arm64
09-14 21:03:50.357 I [ws] connected
09-14 21:07:22.864 W [http] GET /api/sessions/stats · http://192.168.1.101:9150 unreachable: timeout
09-14 21:07:22.868 E [http] GET /api/sessions/stats - no address reachable
09-14 21:07:30.623 E [ws] failed http=- — SocketTimeoutException: sent ping but didn't receive pong within 20000ms (after 9 successful ping/pongs) · RealWebSocket.writePingFrame$okhttp:563 ← RealWebSocket$initReaderAndWriter$lambda$3$$inlined$schedule$1.runOnce:219 ← TaskRunner.runTask:116 ← TaskRunner.access$runTask:42
09-14 21:07:30.627 D [ws] reconnect #1 in 300ms
09-14 21:07:37.809 I [ws] reconnected
09-14 21:07:37.813 I [chat] post-reconnect recovery · session=20260914_160343_7a663611 · queued=0
09-14 21:07:43.397 W [http] GET /api/status · http://192.168.1.101:9150 unreachable: timeout
09-14 21:07:43.401 E [http] GET /api/status - no address reachable
09-14 21:08:47.745 I [app] started · Android 34 · Google sdk_gphone64_arm64
09-14 21:08:48.970 I [ws] connected
09-14 21:11:01.391 I [app] started · Android 34 · Google sdk_gphone64_arm64
09-14 21:11:02.952 I [ws] connected
09-14 21:11:14.491 I [app] started · Android 34 · Google sdk_gphone64_arm64
09-14 21:11:15.727 I [ws] connected
09-14 21:12:37.353 I [app] started · Android 34 · Google sdk_gphone64_arm64
09-14 21:12:38.715 I [ws] connected
09-14 21:12:41.624 I [app] started · Android 34 · Google sdk_gphone64_arm64
09-14 21:12:43.154 I [ws] connected
09-14 21:13:32.148 I [app] started · Android 34 · Google sdk_gphone64_arm64
09-14 21:13:34.072 I [ws] connected
09-14 21:14:50.466 I [app] started · Android 34 · Google sdk_gphone64_arm64
09-14 21:14:51.716 I [ws] connected
09-14 21:14:54.617 I [app] started · Android 34 · Google sdk_gphone64_arm64
09-14 21:14:56.774 I [ws] connected
09-14 21:15:46.435 I [app] started · Android 34 · Google sdk_gphone64_arm64
09-14 21:15:48.117 I [ws] connected
09-14 21:16:56.168 I [app] started · Android 34 · Google sdk_gphone64_arm64
09-14 21:16:57.796 I [ws] connected
09-14 21:17:38.160 I [app] started · Android 34 · Google sdk_gphone64_arm64
09-14 21:17:39.721 I [ws] connected
09-14 21:24:17.470 I [app] started · Android 34 · Google sdk_gphone64_arm64
09-14 21:24:18.759 I [ws] connected
09-14 21:43:13.067 W [http] GET /api/status · http://192.168.1.101:9150 unreachable: timeout
09-14 21:43:13.073 E [http] GET /api/status - no address reachable
09-14 21:44:02.744 W [http] GET /api/sessions/stats · http://192.168.1.101:9150 unreachable: timeout
09-14 21:44:02.752 E [http] GET /api/sessions/stats - no address reachable
09-15 04:02:05.204 W [ws] closed code=1012 reason=-
09-15 04:02:05.206 D [ws] reconnect #1 in 300ms
09-15 04:02:08.233 I [ws] reconnected
09-15 04:02:08.235 I [chat] post-reconnect recovery · session=2ecbc0cc · queued=0
09-15 04:02:08.306 E [chat] could not re-attach to session — IllegalStateException: session not found · GatewayWsClient.handleFrame:324 ← GatewayWsClient.access$handleFrame:47 ← GatewayWsClient$Listener.onMessage:376 ← RealWebSocket.onReadMessage:333
09-15 06:21:54.003 W [ws] closed code=1012 reason=-
09-15 06:21:54.007 D [ws] reconnect #1 in 300ms
09-15 06:21:56.476 I [ws] reconnected
09-15 06:21:56.480 I [chat] post-reconnect recovery · session=2ecbc0cc · queued=0
09-15 06:21:56.695 E [chat] could not re-attach to session — IllegalStateException: session not found · GatewayWsClient.handleFrame:324 ← GatewayWsClient.access$handleFrame:47 ← GatewayWsClient$Listener.onMessage:376 ← RealWebSocket.onReadMessage:333
09-15 10:40:50.265 I [app] started · Android 34 · Google sdk_gphone64_arm64
09-15 10:40:51.626 I [ws] connected
09-15 10:40:52.418 W [http] GET /api/sessions/2ecbc0cc/messages -> 404 · {"detail":"Session not found"}
09-15 10:49:58.044 I [app] started · Android 34 · Google sdk_gphone64_arm64
09-15 10:49:59.569 I [ws] connected
09-15 10:50:47.388 I [app] started · Android 34 · Google sdk_gphone64_arm64
09-15 10:50:48.880 I [ws] connected
09-15 10:55:59.788 I [app] started · Android 34 · Google sdk_gphone64_arm64
09-15 10:56:01.276 I [ws] connected
09-15 11:04:57.702 I [app] started · Android 34 · Google sdk_gphone64_arm64
09-15 11:04:59.187 I [ws] connected
09-15 11:05:39.713 E [crash] uncaught thread=main session=cron_729c2dffc354_20260915_104121 screen=Sohbet :: android.app.RemoteServiceException$ForegroundServiceDidNotStartInTimeException: Context.startForegroundService() did not then call Service.startForeground(): ServiceRecord{e03ac6f u0 com.hermes.mobile.v2/com.hermes.mobile.data.AwaitReplyService}
at android.app.ActivityThread.generateForegroundServiceDidNotStartInTimeException(ActivityThread.java:2104)
at android.app.ActivityThread.throwRemoteServiceException(ActivityThread.java:2075)
at android.app.ActivityThread.-$$Nest$mthrowRemoteServiceException(Unknown Source:0)
at android.app.ActivityThread$H.handleMessage(ActivityThread.java:2369)
at android.os.Handler.dispatchMessage(Handler.java:106)
at android.os.Looper.loopOnce(Looper.java:205)
at android.os.Looper.loop(Looper.java:294)
at android.app.ActivityThread.main(ActivityThread.java:8177)
at java.lang.reflect.Method.invoke(Native Method)
at com.android.internal.os.RuntimeInit$MethodAndArgsCaller.run(RuntimeInit.java:552)
at com.android.internal.os.ZygoteInit.main(ZygoteInit.java:971)
09-15 11:05:39.714 C [crash] on thread main: android.app.RemoteServiceException$ForegroundServiceDidNotStartInTimeException: Context.startForegroundService() did not then call Service.startForeground(): ServiceRecord{e03ac6f u0 com.hermes.mobile.v2/com.hermes.mobile.data.AwaitReplyService}
  at android.app.ActivityThread.generateForegroundServiceDidNotStartInTimeException(ActivityThread.java:2104)
  at android.app.ActivityThread.throwRemoteServiceException(ActivityThread.java:2075)
  at android.app.ActivityThread.-$$Nest$mthrowRemoteServiceException(null:0)
  at android.app.ActivityThread$H.handleMessage(ActivityThread.java:2369)
  at android.os.Handler.dispatchMessage(Handler.java:106)
  at android.os.Looper.loopOnce(Looper.java:205)
  at android.os.Looper.loop(Looper.java:294)
  at android.app.ActivityThread.main(ActivityThread.java:8177)
  at java.lang.reflect.Method.invoke(Method.java:-2)
  at com.android.internal.os.RuntimeInit$MethodAndArgsCaller.run(RuntimeInit.java:552)
  at com.android.internal.os.ZygoteInit.main(ZygoteInit.java:971)
09-15 11:06:06.036 I [app] started · Android 34 · Google sdk_gphone64_arm64
09-15 11:06:07.562 I [ws] connected
09-15 11:07:21.328 I [app] started · Android 34 · Google sdk_gphone64_arm64
09-15 11:07:23.656 I [ws] connected
09-15 11:07:31.613 I [app] started · Android 34 · Google sdk_gphone64_arm64
09-15 11:07:33.021 I [ws] connected
09-15 11:07:42.132 I [app] started · Android 34 · Google sdk_gphone64_arm64
09-15 11:07:43.851 I [ws] connected
09-15 11:07:52.636 I [app] started · Android 34 · Google sdk_gphone64_arm64
09-15 11:07:54.392 I [ws] connected
09-15 11:08:02.865 I [app] started · Android 34 · Google sdk_gphone64_arm64
09-15 11:08:04.400 I [ws] connected
09-15 12:00:53.107 I [app] started · Android 34 · Google sdk_gphone64_arm64
09-15 12:00:53.132 I [a11y] erişilebilirlik servisi bağlandı
09-15 12:01:44.903 I [tur6seed] seed tamam: url=http://10.0.2.2:9180 agent=true readonly=false full=true token=*** karakter)
09-15 12:01:45.001 I [bridge] connecting to ws://10.0.2.2:9180/phone?token=***
09-15 12:01:45.592 I [bridge] connected, advertising 27 tools
09-15 12:01:48.200 W [http] GET /api/status -> 404 · 404: Not Found
09-15 12:01:48.200 W [http] GET /api/status -> 404 · 404: Not Found
09-15 12:01:48.720 W [http] GET /api/profiles -> 404 · 404: Not Found
09-15 12:01:49.289 W [http] GET /api/model/info -> 404 · 404: Not Found
09-15 12:01:49.292 E [ws] failed http=404 — ProtocolException: Expected HTTP 101 response but was '404 Not Found' · RealWebSocket.checkUpgradeSuccess$okhttp:224 ← RealWebSocket$connect$1.onResponse:170 ← RealCall$AsyncCall.run:519 ← ThreadPoolExecutor.runWorker:1145
09-15 12:01:49.290 W [http] GET /api/profiles -> 404 · 404: Not Found
09-15 12:01:49.303 D [ws] reconnect #1 in 300ms
09-15 12:01:49.388 W [http] GET /api/profiles/active -> 404 · 404: Not Found
09-15 12:01:49.390 W [http] GET /api/profiles -> 404 · 404: Not Found
09-15 12:01:49.391 W [http] GET /api/status -> 404 · 404: Not Found
09-15 12:01:49.390 W [http] GET /api/cron/jobs -> 404 · 404: Not Found
09-15 12:01:49.393 W [http] GET /api/cron/jobs -> 404 · 404: Not Found
09-15 12:01:49.389 W [http] GET /api/status -> 404 · 404: Not Found
09-15 12:01:49.397 W [http] GET /api/profiles/active -> 404 · 404: Not Found
09-15 12:01:49.635 E [ws] failed http=404 — ProtocolException: Expected HTTP 101 response but was '404 Not Found' · RealWebSocket.checkUpgradeSuccess$okhttp:224 ← RealWebSocket$connect$1.onResponse:170 ← RealCall$AsyncCall.run:519 ← ThreadPoolExecutor.runWorker:1145
09-15 12:01:49.636 D [ws] reconnect #2 in 4000ms
09-15 12:01:53.672 E [ws] failed http=404 — ProtocolException: Expected HTTP 101 response but was '404 Not Found' · RealWebSocket.checkUpgradeSuccess$okhttp:224 ← RealWebSocket$connect$1.onResponse:170 ← RealCall$AsyncCall.run:519 ← ThreadPoolExecutor.runWorker:1145
09-15 12:01:53.674 D [ws] reconnect #3 in 8000ms
09-15 12:02:01.724 E [ws] failed http=404 — ProtocolException: Expected HTTP 101 response but was '404 Not Found' · RealWebSocket.checkUpgradeSuccess$okhttp:224 ← RealWebSocket$connect$1.onResponse:170 ← RealCall$AsyncCall.run:519 ← ThreadPoolExecutor.runWorker:1145
09-15 12:02:01.726 D [ws] reconnect #4 in 16000ms
09-15 12:02:03.221 W [http] GET /api/status -> 404 · 404: Not Found
09-15 12:02:04.223 W [http] GET /api/cron/jobs -> 404 · 404: Not Found
09-15 12:02:04.249 W [http] GET /api/status -> 404 · 404: Not Found
09-15 12:02:17.815 E [ws] failed http=404 — ProtocolException: Expected HTTP 101 response but was '404 Not Found' · RealWebSocket.checkUpgradeSuccess$okhttp:224 ← RealWebSocket$connect$1.onResponse:170 ← RealCall$AsyncCall.run:519 ← ThreadPoolExecutor.runWorker:1145
09-15 12:02:17.817 D [ws] reconnect #5 in 30000ms
09-15 12:02:19.814 W [http] GET /api/status -> 404 · 404: Not Found
09-15 12:02:20.814 W [http] GET /api/status -> 404 · 404: Not Found
09-15 12:02:20.816 W [http] GET /api/cron/jobs -> 404 · 404: Not Found
09-15 12:02:32.102 I [bridge] agent called screen.dump
09-15 12:02:32.102 I [a11y] eylem screen.dump 
09-15 12:02:32.145 I [a11y] screen.dump → tamam: {"ok":true,"package":"com.android.settings","activity":"com.android.settings.homepage.SettingsHomepageActivity","nodes":136,"truncated":false,"summary":"com.android.settings / SettingsHomepageActivity
09-15 12:02:36.603 W [http] GET /api/status -> 404 · 404: Not Found
09-15 12:02:37.607 W [http] GET /api/cron/jobs -> 404 · 404: Not Found
09-15 12:02:37.607 W [http] GET /api/status -> 404 · 404: Not Found
09-15 12:02:47.907 E [ws] failed http=404 — ProtocolException: Expected HTTP 101 response but was '404 Not Found' · RealWebSocket.checkUpgradeSuccess$okhttp:224 ← RealWebSocket$connect$1.onResponse:170 ← RealCall$AsyncCall.run:519 ← ThreadPoolExecutor.runWorker:1145
09-15 12:02:47.909 D [ws] reconnect #6 in 30000ms
09-15 12:02:48.724 I [bridge] agent called screen.dump
09-15 12:02:48.725 I [a11y] eylem screen.dump 
09-15 12:02:48.747 I [a11y] screen.dump → tamam: {"ok":true,"package":"com.android.settings","activity":"com.android.settings.homepage.SettingsHomepageActivity","nodes":136,"truncated":false,"summary":"com.android.settings / SettingsHomepageActivity
09-15 12:02:48.759 I [bridge] agent called tap
09-15 12:02:48.760 I [a11y] eylem tap text=Ağ ve internet
09-15 12:02:49.908 I [a11y] tap → tamam: "Ağ ve internet" öğesine basıldı (düğüm eylemi) · com.android.settings / SubSettings · 65 düğüm · 10 tıklanabilir · Ağ ve internet | Yukarı git | İnternet | AndroidWifi
09-15 12:02:50.011 I [bridge] agent called screen.dump
09-15 12:02:50.089 I [a11y] eylem screen.dump 
09-15 12:02:50.212 I [a11y] screen.dump → tamam: {"ok":true,"package":"com.android.settings","activity":"com.android.settings.SubSettings","nodes":65,"truncated":false,"summary":"com.android.settings / SubSettings · 65 düğüm · 10 tıklanabilir · Ağ v
09-15 12:02:50.241 I [bridge] agent called global
09-15 12:02:50.242 I [a11y] eylem global action=geri
09-15 12:02:51.237 I [a11y] global → tamam: back uygulandı · com.android.settings / SettingsHomepageActivity · 136 düğüm · 21 tıklanabilir · Profil resmi, Google Hesabı'nı açmak için iki kez dokunun | Ayarlar | Ayarlarda arayın | Ağ ve internet
09-15 12:02:51.260 I [bridge] agent called screen.dump
09-15 12:02:51.261 I [a11y] eylem screen.dump 
09-15 12:02:51.284 I [a11y] screen.dump → tamam: {"ok":true,"package":"com.android.settings","activity":"com.android.settings.homepage.SettingsHomepageActivity","nodes":136,"truncated":false,"summary":"com.android.settings / SettingsHomepageActivity
09-15 12:02:53.264 W [http] GET /api/status -> 404 · 404: Not Found
09-15 12:02:54.266 W [http] GET /api/cron/jobs -> 404 · 404: Not Found
09-15 12:02:54.266 W [http] GET /api/status -> 404 · 404: Not Found
09-15 12:03:03.425 I [bridge] agent called tap
09-15 12:03:03.426 I [a11y] eylem tap text=Ayarlarda arayın
09-15 12:03:03.944 I [a11y] tap → tamam: "Ayarlarda arayın" öğesine basıldı (düğüm eylemi) · com.android.settings / SettingsHomepageActivity · 29 düğüm · 2 tıklanabilir · 1 yazı alanı · Back | Ayarlarda arayın | Ayar Hizmetleri
09-15 12:03:04.024 I [bridge] agent called screen.dump
09-15 12:03:04.026 I [a11y] eylem screen.dump 
09-15 12:03:04.171 I [a11y] screen.dump → tamam: {"ok":true,"package":"com.google.android.settings.intelligence","activity":"com.google.android.settings.intelligence.modules.search.SearchActivity","nodes":29,"truncated":false,"summary":"com.google.a
09-15 12:03:04.324 I [bridge] agent called type
09-15 12:03:04.325 I [a11y] eylem type text=bluetooth
09-15 12:03:04.604 I [a11y] type → hata: Yazı alanı canlı ağaçta bulunamadı.
09-15 12:03:04.656 I [bridge] agent called screen.dump
09-15 12:03:04.660 I [a11y] eylem screen.dump 
09-15 12:03:04.681 I [a11y] screen.dump → tamam: {"ok":true,"package":"com.google.android.settings.intelligence","activity":"com.google.android.settings.intelligence.modules.search.SearchActivity","nodes":29,"truncated":false,"summary":"com.google.a
09-15 12:03:04.701 I [bridge] agent called key
09-15 12:03:04.702 I [a11y] eylem key key=***
09-15 12:03:04.744 I [a11y] key → hata: Silme uygulanamadı (alan SET_TEXT'i reddetti).
09-15 12:03:04.771 I [bridge] agent called screen.dump
09-15 12:03:04.772 I [a11y] eylem screen.dump 
09-15 12:03:04.815 I [a11y] screen.dump → tamam: {"ok":true,"package":"com.google.android.settings.intelligence","activity":"com.google.android.settings.intelligence.modules.search.SearchActivity","nodes":29,"truncated":false,"summary":"com.google.a
09-15 12:03:04.832 I [bridge] agent called key
09-15 12:03:04.862 I [a11y] eylem key key=***
09-15 12:03:04.925 I [a11y] key → hata: space uygulanamadı.
09-15 12:03:05.038 I [bridge] agent called key
09-15 12:03:05.039 I [a11y] eylem key key=***
09-15 12:03:05.447 I [a11y] key → hata: Enter gönderilemedi (alan IME eylemini reddetti).
09-15 12:03:05.500 I [bridge] agent called screen.dump
09-15 12:03:05.544 I [a11y] eylem screen.dump 
09-15 12:03:05.621 I [a11y] screen.dump → tamam: {"ok":true,"package":"com.google.android.inputmethod.latin","activity":"android.inputmethodservice.SoftInputWindow","nodes":29,"truncated":false,"summary":"com.google.android.inputmethod.latin / SoftI
09-15 12:03:05.640 I [bridge] agent called global
09-15 12:03:05.642 I [a11y] eylem global action=geri
09-15 12:03:06.245 I [a11y] global → tamam: back uygulandı · com.google.android.inputmethod.latin / SoftInputWindow · 29 düğüm · 2 tıklanabilir · 1 yazı alanı · Back | Ayarlarda arayın | Ayar Hizmetleri
09-15 12:03:10.157 W [http] GET /api/status -> 404 · 404: Not Found
09-15 12:03:11.164 W [http] GET /api/status -> 404 · 404: Not Found
09-15 12:03:11.164 W [http] GET /api/cron/jobs -> 404 · 404: Not Found
09-15 12:03:18.050 E [ws] failed http=404 — ProtocolException: Expected HTTP 101 response but was '404 Not Found' · RealWebSocket.checkUpgradeSuccess$okhttp:224 ← RealWebSocket$connect$1.onResponse:170 ← RealCall$AsyncCall.run:519 ← ThreadPoolExecutor.runWorker:1145
09-15 12:03:18.053 D [ws] reconnect #7 in 30000ms
09-15 12:03:27.078 W [http] GET /api/status -> 404 · 404: Not Found
09-15 12:03:28.079 W [http] GET /api/cron/jobs -> 404 · 404: Not Found
09-15 12:03:28.080 W [http] GET /api/status -> 404 · 404: Not Found
09-15 12:03:43.737 W [http] GET /api/status -> 404 · 404: Not Found
09-15 12:03:44.738 W [http] GET /api/cron/jobs -> 404 · 404: Not Found
09-15 12:03:44.738 W [http] GET /api/status -> 404 · 404: Not Found
09-15 12:03:48.112 E [ws] failed http=404 — ProtocolException: Expected HTTP 101 response but was '404 Not Found' · RealWebSocket.checkUpgradeSuccess$okhttp:224 ← RealWebSocket$connect$1.onResponse:170 ← RealCall$AsyncCall.run:519 ← ThreadPoolExecutor.runWorker:1145
09-15 12:03:48.122 D [ws] reconnect #8 in 30000ms
09-15 12:04:00.605 W [http] GET /api/status -> 404 · 404: Not Found
09-15 12:04:01.604 W [http] GET /api/cron/jobs -> 404 · 404: Not Found
09-15 12:04:01.604 W [http] GET /api/status -> 404 · 404: Not Found
09-15 12:04:04.813 I [app] started · Android 34 · Google sdk_gphone64_arm64
09-15 12:04:04.885 I [a11y] erişilebilirlik servisi bağlandı
09-15 12:04:18.613 I [tur6seed] seed tamam: url=http://10.0.2.2:9180 agent=true readonly=false full=true token=*** karakter)
09-15 12:04:18.746 I [bridge] connecting to ws://10.0.2.2:9180/phone?token=***
09-15 12:04:19.449 I [bridge] connected, advertising 27 tools
09-15 12:04:27.329 I [bridge] agent called tap
09-15 12:04:27.329 I [a11y] eylem tap text=Ayarlarda arayın
09-15 12:04:27.994 I [a11y] tap → tamam: "Ayarlarda arayın" öğesine basıldı (düğüm eylemi) · com.android.settings / SettingsHomepageActivity · 29 düğüm · 2 tıklanabilir · 1 yazı alanı · Back | Ayarlarda arayın | Ayar Hizmetleri
09-15 12:04:28.060 I [bridge] agent called screen.dump
09-15 12:04:28.062 I [a11y] eylem screen.dump 
09-15 12:04:28.131 I [a11y] screen.dump → tamam: {"ok":true,"package":"com.google.android.settings.intelligence","activity":"com.google.android.settings.intelligence.modules.search.SearchActivity","nodes":29,"truncated":false,"summary":"com.google.a
09-15 12:04:28.180 I [bridge] agent called type
09-15 12:04:28.181 I [a11y] eylem type text=bluetooth
09-15 12:04:28.565 I [a11y] type → hata: "Ayarlarda arayın" alanına yazılamadı (SET_TEXT ve YAPIŞTIR reddedildi).
09-15 12:04:28.660 I [bridge] agent called screen.dump
09-15 12:04:28.714 I [a11y] eylem screen.dump 
09-15 12:04:28.781 I [a11y] screen.dump → tamam: {"ok":true,"package":"com.google.android.settings.intelligence","activity":"com.google.android.settings.intelligence.modules.search.SearchActivity","nodes":29,"truncated":false,"summary":"com.google.a
09-15 12:04:28.870 I [bridge] agent called key
09-15 12:04:28.870 I [a11y] eylem key key=***
09-15 12:04:29.364 I [a11y] key → tamam: Son karakter silindi · alan şimdi: "Ayarlarda arayı"
09-15 12:04:29.399 I [bridge] agent called screen.dump
09-15 12:04:29.400 I [a11y] eylem screen.dump 
09-15 12:04:29.446 I [a11y] screen.dump → tamam: {"ok":true,"package":"com.google.android.settings.intelligence","activity":"","nodes":30,"truncated":false,"summary":"com.google.android.settings.intelligence · 30 düğüm · 3 tıklanabilir · 1 yazı alan
09-15 12:04:29.493 I [bridge] agent called key
09-15 12:04:29.494 I [a11y] eylem key key=***
09-15 12:04:29.558 I [a11y] key → tamam: space eklendi.
09-15 12:04:29.622 I [bridge] agent called key
09-15 12:04:29.622 I [a11y] eylem key key=***
09-15 12:04:31.231 I [a11y] key → tamam: Enter gönderildi · com.android.systemui / FrameLayout · 28 düğüm · 3 tıklanabilir · 1 yazı alanı · Back | Ayarlarda arayı | Clear text | Ayar Hizmetleri
09-15 12:04:31.340 I [bridge] agent called screen.dump
09-15 12:04:31.341 I [a11y] eylem screen.dump 
09-15 12:04:31.368 I [a11y] screen.dump → tamam: {"ok":true,"package":"com.google.android.settings.intelligence","activity":"","nodes":31,"truncated":false,"summary":"com.google.android.settings.intelligence · 31 düğüm · 3 tıklanabilir · 1 yazı alan
09-15 12:04:31.375 I [bridge] agent called global
09-15 12:04:31.375 I [a11y] eylem global action=geri
09-15 12:04:32.071 I [a11y] global → tamam: back uygulandı · com.android.settings / SettingsHomepageActivity · 5 düğüm
09-15 12:05:48.590 I [app] started · Android 34 · Google sdk_gphone64_arm64
09-15 12:05:48.960 I [tur6seed] seed tamam: url=http://10.0.2.2:9180 agent=true readonly=false full=true token=*** karakter)
09-15 12:05:49.122 I [bridge] connecting to ws://10.0.2.2:9180/phone?token=***
09-15 12:05:49.148 I [a11y] erişilebilirlik servisi bağlandı
09-15 12:05:49.681 I [bridge] connected, advertising 27 tools
09-15 12:05:57.013 I [bridge] agent called tap
09-15 12:05:57.014 I [a11y] eylem tap text=Ayarlarda arayın
09-15 12:05:57.352 I [a11y] tap → tamam: "Ayarlarda arayın" öğesine basıldı (düğüm eylemi) · com.android.settings / SettingsHomepageActivity · 136 düğüm · 21 tıklanabilir · Profil resmi, Google Hesabı'nı açmak için iki kez dokunun | Ayarlar 
09-15 12:05:57.414 I [bridge] agent called screen.dump
09-15 12:05:57.415 I [a11y] eylem screen.dump 
09-15 12:05:57.764 I [a11y] screen.dump → tamam: {"ok":true,"package":"com.google.android.settings.intelligence","activity":"com.google.android.settings.intelligence.modules.search.SearchActivity","nodes":29,"truncated":false,"summary":"com.google.a
09-15 12:05:57.844 I [bridge] agent called type
09-15 12:05:57.845 I [a11y] eylem type text=bluetooth
09-15 12:05:58.028 I [a11y] type → hata: "Ayarlarda arayın" alanına yazılamadı: alan SET_TEXT ve YAPIŞTIR'ı reddetti (bazı arama alanları yalnız klavye girişini kabul ediyor).
09-15 12:05:58.095 I [bridge] agent called screen.dump
09-15 12:05:58.098 I [a11y] eylem screen.dump 
09-15 12:05:58.127 I [a11y] screen.dump → tamam: {"ok":true,"package":"com.google.android.settings.intelligence","activity":"com.google.android.settings.intelligence.modules.search.SearchActivity","nodes":29,"truncated":false,"summary":"com.google.a
09-15 12:05:58.391 I [bridge] agent called key
09-15 12:05:58.392 I [a11y] eylem key key=***
09-15 12:05:58.795 I [a11y] key → tamam: Son karakter silindi · alan şimdi: "Ayarlarda arayı"
09-15 12:05:58.911 I [bridge] agent called screen.dump
09-15 12:05:58.912 I [a11y] eylem screen.dump 
09-15 12:05:58.921 I [a11y] screen.dump → tamam: {"ok":true,"package":"com.google.android.settings.intelligence","activity":"com.google.android.settings.intelligence.modules.search.SearchActivity","nodes":30,"truncated":false,"summary":"com.google.a
09-15 12:05:58.929 I [bridge] agent called key
09-15 12:05:58.930 I [a11y] eylem key key=***
09-15 12:05:58.934 I [a11y] key → tamam: space eklendi.
09-15 12:05:58.943 I [bridge] agent called key
09-15 12:05:58.944 I [a11y] eylem key key=***
09-15 12:05:59.515 I [a11y] key → tamam: Enter gönderildi · com.android.systemui / FrameLayout · 28 düğüm · 3 tıklanabilir · 1 yazı alanı · Back | Ayarlarda arayı | Clear text | Ayar Hizmetleri
09-15 12:05:59.627 I [bridge] agent called screen.dump
09-15 12:05:59.628 I [a11y] eylem screen.dump 
09-15 12:05:59.635 I [a11y] screen.dump → tamam: {"ok":true,"package":"com.google.android.settings.intelligence","activity":"com.google.android.settings.intelligence.modules.search.SearchActivity","nodes":32,"truncated":false,"summary":"com.google.a
09-15 12:05:59.669 I [bridge] agent called global
09-15 12:05:59.669 I [a11y] eylem global action=geri
09-15 12:06:00.329 I [a11y] global → tamam: back uygulandı · com.android.settings / SettingsHomepageActivity · 5 düğüm
09-15 12:06:02.788 I [bridge] agent called screen.dump
09-15 12:06:02.789 I [a11y] eylem screen.dump 
09-15 12:06:02.832 I [a11y] screen.dump → tamam: {"ok":true,"package":"com.android.settings","activity":"com.android.settings.homepage.SettingsHomepageActivity","nodes":136,"truncated":false,"summary":"com.android.settings / SettingsHomepageActivity
09-15 12:06:02.852 I [bridge] agent called swipe
09-15 12:06:02.853 I [a11y] eylem swipe direction=yukari
09-15 12:06:04.052 I [a11y] swipe → tamam: Kaydırıldı (540,1800) → (540,600) 300ms · içerik aynı görünüyor (liste sonu olabilir)
09-15 12:06:04.076 I [bridge] agent called screen.dump
09-15 12:06:04.077 I [a11y] eylem screen.dump 
09-15 12:06:04.136 I [a11y] screen.dump → tamam: {"ok":true,"package":"com.android.settings","activity":"com.android.settings.homepage.SettingsHomepageActivity","nodes":136,"truncated":false,"summary":"com.android.settings / SettingsHomepageActivity
09-15 12:06:04.153 I [bridge] agent called swipe
09-15 12:06:04.154 I [a11y] eylem swipe direction=asagi
09-15 12:06:05.330 I [a11y] swipe → tamam: Kaydırıldı (540,600) → (540,1800) 300ms · içerik aynı görünüyor (liste sonu olabilir)
09-15 12:06:05.376 I [bridge] agent called screen.dump
09-15 12:06:05.377 I [a11y] eylem screen.dump 
09-15 12:06:05.418 I [a11y] screen.dump → tamam: {"ok":true,"package":"com.android.settings","activity":"com.android.settings.homepage.SettingsHomepageActivity","nodes":136,"truncated":false,"summary":"com.android.settings / SettingsHomepageActivity
09-15 12:06:05.426 I [bridge] agent called swipe
09-15 12:06:05.426 I [a11y] eylem swipe x1=540 y1=1600 x2=540 y2=700 duration_ms=400
09-15 12:06:06.424 I [a11y] swipe → tamam: Kaydırıldı (540,1600) → (540,700) 300ms · içerik aynı görünüyor (liste sonu olabilir)
09-15 12:06:06.449 I [bridge] agent called global
09-15 12:06:06.450 I [a11y] eylem global action=ana ekran
09-15 12:06:07.470 I [a11y] global → tamam: home uygulandı · com.google.android.apps.nexuslauncher / NexusLauncherActivity · 34 düğüm · 14 tıklanabilir · 15 Eylül Sal 15 Eylül Sal | Gmail Gmail | Fotoğraflar Fotoğraflar | YouTube YouTube
09-15 12:06:07.551 I [bridge] agent called screen.dump
09-15 12:06:07.552 I [a11y] eylem screen.dump 
09-15 12:06:07.561 I [a11y] screen.dump → tamam: {"ok":true,"package":"com.google.android.apps.nexuslauncher","activity":"com.google.android.apps.nexuslauncher.NexusLauncherActivity","nodes":34,"truncated":false,"summary":"com.google.android.apps.ne
09-15 12:06:07.569 I [bridge] agent called global
09-15 12:06:07.570 I [a11y] eylem global action=bildirimler
09-15 12:06:08.867 I [a11y] global → tamam: notifications uygulandı · com.android.systemui / FrameLayout · 119 düğüm · 17 tıklanabilir · İnternet, AndroidWifi İnternet,AndroidWifi | İnternet | AndroidWifi | Bluetooth, Açık Bluetooth.
09-15 12:06:08.965 I [bridge] agent called screen.dump
09-15 12:06:08.965 I [a11y] eylem screen.dump 
09-15 12:06:09.265 I [a11y] screen.dump → tamam: {"ok":true,"package":"com.android.systemui","activity":"android.widget.FrameLayout","nodes":119,"truncated":false,"summary":"com.android.systemui / FrameLayout · 119 düğüm · 17 tıklanabilir · İnternet
09-15 12:06:09.323 I [bridge] agent called global
09-15 12:06:09.324 I [a11y] eylem global action=son uygulamalar
09-15 12:06:10.160 I [a11y] global → tamam: recents uygulandı · com.android.systemui / FrameLayout · 7 düğüm · Kopyalamak, paylaşmak ve diğer işlevler için metin ve resim seçin
09-15 12:06:10.192 I [bridge] agent called screen.dump
09-15 12:06:10.193 I [a11y] eylem screen.dump 
09-15 12:06:10.207 I [a11y] screen.dump → tamam: {"ok":true,"package":"com.google.android.apps.nexuslauncher","activity":"com.google.android.apps.nexuslauncher.NexusLauncherActivity","nodes":7,"truncated":false,"summary":"com.google.android.apps.nex
09-15 12:06:10.289 I [bridge] agent called global
09-15 12:06:10.294 I [a11y] eylem global action=hizliayarlar
09-15 12:06:12.769 I [a11y] global → tamam: quick_settings uygulandı · com.android.systemui / FrameLayout · 221 düğüm · 29 tıklanabilir · Ekran parlaklığı | İnternet, AndroidWifi İnternet,AndroidWifi | İnternet | AndroidWifi
09-15 12:06:12.794 I [bridge] agent called screen.dump
09-15 12:06:12.795 I [a11y] eylem screen.dump 
09-15 12:06:12.849 I [a11y] screen.dump → tamam: {"ok":true,"package":"com.android.systemui","activity":"android.widget.FrameLayout","nodes":181,"truncated":false,"summary":"com.android.systemui / FrameLayout · 181 düğüm · 25 tıklanabilir · Ekran pa
09-15 12:06:12.861 I [bridge] agent called global
09-15 12:06:12.861 I [a11y] eylem global action=geri
09-15 12:06:13.656 I [a11y] global → tamam: back uygulandı · com.android.systemui / FrameLayout · 119 düğüm · 17 tıklanabilir · İnternet, AndroidWifi İnternet,AndroidWifi | İnternet | AndroidWifi | Bluetooth, Açık Bluetooth.
09-15 12:06:13.681 I [bridge] agent called screenshot
09-15 12:06:13.682 I [a11y] eylem screenshot 
09-15 12:06:13.996 I [a11y] screenshot 107464B 1080x2400
09-15 12:06:14.001 I [a11y] screenshot → tamam: {"bytes":107464,"width":1080,"height":2400,"scale":1.0,"image_base64":"/9j/4AAQSkZJRgABAQAAAQABAAD/4gHYSUNDX1BST0ZJTEUAAQEAAAHIAAAAAAQwAABtbnRyUkdCIFhZWiAH4AABAAEAAAAAAABhY3NwAAAAAAAAAAAAAAAAAAAAAAAAA
09-15 12:06:14.421 I [bridge] agent called apps.list
09-15 12:06:14.422 I [a11y] eylem apps.list 
09-15 12:06:14.544 I [a11y] apps.list → tamam: 18 başlatılabilir uygulama:
• Ayarlar — com.android.settings
• Chrome — com.android.chrome
• Dosyalar — com.google.android.documentsui
• Drive — com.google.android.apps.docs
• Fotoğraflar — com.google
09-15 12:06:14.553 I [bridge] agent called app.start
09-15 12:06:14.553 I [a11y] eylem app.start app=com.android.settings
09-15 12:06:14.579 I [a11y] app.start → tamam: com.android.settings açıldı.
09-15 12:06:14.673 I [bridge] agent called screen.dump
09-15 12:06:14.674 I [a11y] eylem screen.dump 
09-15 12:06:14.780 I [a11y] screen.dump → tamam: {"ok":true,"package":"com.android.systemui","activity":"android.widget.FrameLayout","nodes":119,"truncated":false,"summary":"com.android.systemui / FrameLayout · 119 düğüm · 17 tıklanabilir · İnternet
09-15 12:06:14.920 I [bridge] agent called app.stop
09-15 12:06:14.921 I [a11y] eylem app.stop app=com.android.settings
09-15 12:06:14.947 I [a11y] app.stop → tamam: com.android.settings: arka plan süreci öldürüldü. Bir uygulamayı zorla kapatmak (force-stop) kabuk yetkisi ister — bu katman onu yapmıyor.
09-15 12:06:15.062 I [bridge] agent called screen.dump
09-15 12:06:15.063 I [a11y] eylem screen.dump 
09-15 12:06:15.136 I [a11y] screen.dump → tamam: {"ok":true,"package":"com.android.systemui","activity":"android.widget.FrameLayout","nodes":119,"truncated":false,"summary":"com.android.systemui / FrameLayout · 119 düğüm · 17 tıklanabilir · İnternet
09-15 12:07:32.131 I [app] started · Android 34 · Google sdk_gphone64_arm64
09-15 12:07:32.281 I [tur6seed] seed tamam: url=http://10.0.2.2:9180 agent=true readonly=false full=true token=*** karakter)
09-15 12:07:32.370 I [bridge] connecting to ws://10.0.2.2:9180/phone?token=***
09-15 12:07:32.377 I [a11y] erişilebilirlik servisi bağlandı
09-15 12:07:33.030 I [bridge] connected, advertising 27 tools
09-15 12:07:40.927 I [bridge] agent called screen.dump
09-15 12:07:40.930 I [a11y] eylem screen.dump 
09-15 12:07:40.989 I [a11y] screen.dump → tamam: {"ok":true,"package":"com.android.systemui","activity":"","nodes":119,"truncated":false,"summary":"com.android.systemui · 119 düğüm (103 görünür) · 17 tıklanabilir · İnternet, AndroidWifi İnternet,And
09-15 12:07:41.018 I [bridge] agent called screen.dump
09-15 12:07:41.019 I [a11y] eylem screen.dump 
09-15 12:07:41.036 I [a11y] screen.dump → tamam: {"ok":true,"package":"com.android.systemui","activity":"","nodes":119,"truncated":false,"summary":"com.android.systemui · 119 düğüm (103 görünür) · 17 tıklanabilir · İnternet, AndroidWifi İnternet,And
09-15 12:07:41.051 I [bridge] agent called swipe
09-15 12:07:41.051 I [a11y] eylem swipe direction=yukari
09-15 12:07:41.812 I [a11y] swipe → tamam: Kaydırıldı (540,1800) → (540,600) 300ms · içerik değişti: Android Auto | 168 kB | Android System WebView | 79,81 MB | Artemis Accessibility Helper | 238 kB
09-15 12:07:42.241 I [bridge] agent called screen.dump
09-15 12:07:42.243 I [a11y] eylem screen.dump 
09-15 12:07:42.279 I [a11y] screen.dump → tamam: {"ok":true,"package":"com.android.settings","activity":"com.android.settings.spa.SpaActivity","nodes":46,"truncated":false,"summary":"com.android.settings / SpaActivity · 46 düğüm · 12 tıklanabilir · 
09-15 12:07:42.364 I [bridge] agent called phone_status
09-15 12:07:42.403 W [bridge] denied phone_battery (tool not enabled)
09-15 12:07:42.419 I [bridge] agent called phone_clipboard_read
09-15 12:08:03.303 W [bridge] denied phone_battery (tool not enabled)
09-15 12:08:08.359 I [bridge] agent called screen.dump
09-15 12:08:08.361 I [a11y] eylem screen.dump 
09-15 12:08:08.570 I [a11y] screen.dump → tamam: {"ok":true,"package":"com.google.android.apps.messaging","activity":"com.google.android.apps.messaging.gaia.expresssignin.BugleExpressSignInActivity","nodes":28,"truncated":false,"summary":"com.google
09-15 12:08:08.636 I [bridge] agent called tap
09-15 12:08:08.636 I [a11y] eylem tap text=Sohbet başlat
09-15 12:08:08.734 I [a11y] tap → hata: Ekranda bulunamadı: "Sohbet başlat" metin/açıklaması. Önce screen.dump ile ekranı oku.
09-15 12:08:11.101 I [bridge] agent called screen.dump
09-15 12:08:11.105 I [a11y] eylem screen.dump 
09-15 12:08:11.168 I [a11y] screen.dump → tamam: {"ok":true,"package":"com.google.android.apps.messaging","activity":"com.google.android.apps.messaging.gaia.expresssignin.BugleExpressSignInActivity","nodes":28,"truncated":false,"summary":"com.google
09-15 12:08:11.298 I [bridge] agent called tap
09-15 12:08:11.300 I [a11y] eylem tap text=Start chat
09-15 12:08:11.375 I [a11y] tap → hata: Ekranda bulunamadı: "Start chat" metin/açıklaması. Önce screen.dump ile ekranı oku.
09-15 12:08:13.601 I [bridge] agent called screen.dump
09-15 12:08:13.603 I [a11y] eylem screen.dump 
09-15 12:08:13.633 I [a11y] screen.dump → tamam: {"ok":true,"package":"com.google.android.apps.messaging","activity":"com.google.android.apps.messaging.gaia.expresssignin.BugleExpressSignInActivity","nodes":28,"truncated":false,"summary":"com.google
09-15 12:08:18.183 I [bridge] agent called screen.dump
09-15 12:08:18.184 I [a11y] eylem screen.dump 
09-15 12:08:18.378 I [a11y] screen.dump → tamam: {"ok":true,"package":"com.android.chrome","activity":"org.chromium.chrome.browser.firstrun.FirstRunActivity","nodes":40,"truncated":false,"summary":"com.android.chrome / FirstRunActivity · 40 düğüm (1
09-15 12:08:18.411 I [bridge] agent called tap
09-15 12:08:18.412 I [a11y] eylem tap id=com.android.chrome:id/url_bar
09-15 12:08:18.486 I [a11y] tap → hata: Ekranda bulunamadı: id=com.android.chrome:id/url_bar. Önce screen.dump ile ekranı oku.
09-15 12:08:20.630 I [bridge] agent called screen.dump
09-15 12:08:20.634 I [a11y] eylem screen.dump 
09-15 12:08:20.657 I [a11y] screen.dump → tamam: {"ok":true,"package":"com.android.chrome","activity":"org.chromium.chrome.browser.firstrun.FirstRunActivity","nodes":40,"truncated":false,"summary":"com.android.chrome / FirstRunActivity · 40 düğüm (1
09-15 12:08:41.662 I [bridge] agent called phone_status
09-15 12:08:41.710 I [bridge] agent called phone_status
09-15 12:08:41.723 I [bridge] agent called phone_notifications
09-15 12:08:41.731 I [bridge] agent called phone_clipboard_read
09-15 12:08:48.012 I [bridge] agent called screen.dump
09-15 12:08:48.015 I [a11y] eylem screen.dump 
09-15 12:08:48.044 I [a11y] screen.dump → tamam: {"ok":true,"package":"com.android.chrome","activity":"android.widget.FrameLayout","nodes":40,"truncated":false,"summary":"com.android.chrome / FrameLayout · 40 düğüm (19 görünür) · 5 tıklanabilir · Ch
09-15 12:08:51.291 I [bridge] agent called screen.dump
09-15 12:08:51.293 I [a11y] eylem screen.dump 
09-15 12:08:51.324 I [a11y] screen.dump → tamam: {"ok":true,"package":"com.android.chrome","activity":"android.widget.FrameLayout","nodes":40,"truncated":false,"summary":"com.android.chrome / FrameLayout · 40 düğüm (19 görünür) · 5 tıklanabilir · Ch
09-15 12:08:52.470 I [bridge] agent called tap
09-15 12:08:52.470 I [a11y] eylem tap text=Mesaj yaz
09-15 12:08:52.514 I [a11y] tap → hata: Ekranda bulunamadı: "Mesaj yaz" metin/açıklaması. Önce screen.dump ile ekranı oku.
09-15 12:08:54.654 I [bridge] agent called screen.dump
09-15 12:08:54.655 I [a11y] eylem screen.dump 
09-15 12:08:54.672 I [a11y] screen.dump → tamam: {"ok":true,"package":"com.google.android.apps.nexuslauncher","activity":"com.google.android.apps.nexuslauncher.NexusLauncherActivity","nodes":34,"truncated":false,"summary":"com.google.android.apps.ne
09-15 12:09:13.164 W [http] GET /api/status -> 404 · 404: Not Found
09-15 12:09:13.164 W [http] GET /api/status -> 404 · 404: Not Found
09-15 12:09:13.683 W [http] GET /api/profiles -> 404 · 404: Not Found
09-15 12:09:14.162 W [http] GET /api/cron/jobs -> 404 · 404: Not Found
09-15 12:09:14.164 W [http] GET /api/model/info -> 404 · 404: Not Found
09-15 12:09:14.164 E [ws] failed http=404 — ProtocolException: Expected HTTP 101 response but was '404 Not Found' · RealWebSocket.checkUpgradeSuccess$okhttp:224 ← RealWebSocket$connect$1.onResponse:170 ← RealCall$AsyncCall.run:519 ← ThreadPoolExecutor.runWorker:1145
09-15 12:09:14.164 W [http] GET /api/profiles -> 404 · 404: Not Found
09-15 12:09:14.163 W [http] GET /api/status -> 404 · 404: Not Found
09-15 12:09:14.162 W [http] GET /api/profiles -> 404 · 404: Not Found
09-15 12:09:14.165 D [ws] reconnect #1 in 300ms
09-15 12:09:14.163 W [http] GET /api/cron/jobs -> 404 · 404: Not Found
09-15 12:09:14.165 W [http] GET /api/status -> 404 · 404: Not Found
09-15 12:09:14.181 W [http] GET /api/profiles/active -> 404 · 404: Not Found
09-15 12:09:14.182 W [http] GET /api/profiles/active -> 404 · 404: Not Found
09-15 12:09:14.525 E [ws] failed http=404 — ProtocolException: Expected HTTP 101 response but was '404 Not Found' · RealWebSocket.checkUpgradeSuccess$okhttp:224 ← RealWebSocket$connect$1.onResponse:170 ← RealCall$AsyncCall.run:519 ← ThreadPoolExecutor.runWorker:1145
09-15 12:09:14.528 D [ws] reconnect #2 in 4000ms
09-15 12:09:18.179 I [bridge] agent called screen.dump
09-15 12:09:18.181 I [a11y] eylem screen.dump 
09-15 12:09:18.222 I [a11y] screen.dump → tamam: {"ok":true,"package":"com.hermes.mobile.v2","activity":"com.hermes.mobile.MainActivity","nodes":49,"truncated":false,"summary":"com.hermes.mobile.v2 / MainActivity · 49 düğüm · 12 tıklanabilir · 1 yaz
09-15 12:09:18.240 I [bridge] agent called tap
09-15 12:09:18.241 I [a11y] eylem tap x=587 y=2001
09-15 12:09:18.557 E [ws] failed http=404 — ProtocolException: Expected HTTP 101 response but was '404 Not Found' · RealWebSocket.checkUpgradeSuccess$okhttp:224 ← RealWebSocket$connect$1.onResponse:170 ← RealCall$AsyncCall.run:519 ← ThreadPoolExecutor.runWorker:1145
09-15 12:09:18.559 D [ws] reconnect #3 in 8000ms
09-15 12:09:18.627 I [a11y] tap → tamam: (587,2001) noktasına basıldı · com.hermes.mobile.v2 / MainActivity · 49 düğüm · 12 tıklanabilir · 1 yazı alanı · Hermes'e yaz | Sunucu WS el sıkışmasını reddetti (HTTP 404) — Expected HTTP 101 respons
09-15 12:09:19.775 I [bridge] agent called type
09-15 12:09:19.776 I [a11y] eylem type text=tur6-kontrol
09-15 12:09:20.134 I [a11y] type → tamam: "yazı alanı" alanına yazıldı: "tur6-kontrol" · alan şimdi: "tur6-kontrol"
09-15 12:09:21.261 I [bridge] agent called screen.dump
09-15 12:09:21.262 I [a11y] eylem screen.dump 
09-15 12:09:21.279 I [a11y] screen.dump → tamam: {"ok":true,"package":"com.hermes.mobile.v2","activity":"com.hermes.mobile.MainActivity","nodes":49,"truncated":false,"summary":"com.hermes.mobile.v2 / MainActivity · 49 düğüm (27 görünür) · 12 tıklana
09-15 12:09:21.297 I [bridge] agent called type
09-15 12:09:21.298 I [a11y] eylem type text=
09-15 12:09:21.298 I [a11y] type → hata: Yazılacak metin verilmedi.
09-15 12:09:26.656 E [ws] failed http=404 — ProtocolException: Expected HTTP 101 response but was '404 Not Found' · RealWebSocket.checkUpgradeSuccess$okhttp:224 ← RealWebSocket$connect$1.onResponse:170 ← RealCall$AsyncCall.run:519 ← ThreadPoolExecutor.runWorker:1145
09-15 12:09:26.657 D [ws] reconnect #4 in 16000ms
09-15 12:09:28.072 W [http] GET /api/status -> 404 · 404: Not Found
09-15 12:09:28.263 W [http] GET /api/status -> 404 · 404: Not Found
09-15 12:09:28.264 W [http] GET /api/cron/jobs -> 404 · 404: Not Found
09-15 12:09:42.796 E [ws] failed http=404 — ProtocolException: Expected HTTP 101 response but was '404 Not Found' · RealWebSocket.checkUpgradeSuccess$okhttp:224 ← RealWebSocket$connect$1.onResponse:170 ← RealCall$AsyncCall.run:519 ← ThreadPoolExecutor.runWorker:1145
09-15 12:09:42.797 D [ws] reconnect #5 in 30000ms
09-15 12:09:43.799 W [http] GET /api/status -> 404 · 404: Not Found
09-15 12:09:44.800 W [http] GET /api/cron/jobs -> 404 · 404: Not Found
09-15 12:09:44.801 W [http] GET /api/status -> 404 · 404: Not Found
09-15 12:09:54.993 I [bridge] agent called screen.dump
09-15 12:09:54.995 I [a11y] eylem screen.dump 
09-15 12:09:55.021 I [a11y] screen.dump → tamam: {"ok":true,"package":"com.hermes.mobile.v2","activity":"com.hermes.mobile.MainActivity","nodes":49,"truncated":false,"summary":"com.hermes.mobile.v2 / MainActivity · 49 düğüm (27 görünür) · 12 tıklana
09-15 12:09:55.038 I [bridge] agent called apps.list
09-15 12:09:55.038 I [a11y] eylem apps.list 
09-15 12:09:55.103 I [a11y] apps.list → tamam: 18 başlatılabilir uygulama:
• Ayarlar — com.android.settings
• Chrome — com.android.chrome
• Dosyalar — com.google.android.documentsui
• Drive — com.google.android.apps.docs
• Fotoğraflar — com.google
09-15 12:09:55.109 I [bridge] agent called phone_status
09-15 12:09:55.118 I [bridge] agent called screenshot
09-15 12:09:55.119 I [a11y] eylem screenshot 
09-15 12:09:55.196 I [a11y] screenshot 153752B 1080x2400
09-15 12:09:55.204 I [a11y] screenshot → tamam: {"bytes":153752,"width":1080,"height":2400,"scale":1.0,"image_base64":"/9j/4AAQSkZJRgABAQAAAQABAAD/4gHYSUNDX1BST0ZJTEUAAQEAAAHIAAAAAAQwAABtbnRyUkdCIFhZWiAH4AABAAEAAAAAAABhY3NwAAAAAAAAAAAAAAAAAAAAAAAAA
09-15 12:10:00.623 W [http] GET /api/status -> 404 · 404: Not Found
09-15 12:10:01.628 W [http] GET /api/status -> 404 · 404: Not Found
09-15 12:10:01.628 W [http] GET /api/cron/jobs -> 404 · 404: Not Found
09-15 12:10:12.847 E [ws] failed http=404 — ProtocolException: Expected HTTP 101 response but was '404 Not Found' · RealWebSocket.checkUpgradeSuccess$okhttp:224 ← RealWebSocket$connect$1.onResponse:170 ← RealCall$AsyncCall.run:519 ← ThreadPoolExecutor.runWorker:1145
09-15 12:10:12.849 D [ws] reconnect #6 in 30000ms
09-15 12:10:17.541 W [http] GET /api/status -> 404 · 404: Not Found
09-15 12:10:18.545 W [http] GET /api/status -> 404 · 404: Not Found
09-15 12:10:18.546 W [http] GET /api/cron/jobs -> 404 · 404: Not Found
09-15 12:10:34.574 W [http] GET /api/status -> 404 · 404: Not Found
09-15 12:10:35.571 W [http] GET /api/status -> 404 · 404: Not Found
09-15 12:10:35.571 W [http] GET /api/cron/jobs -> 404 · 404: Not Found
09-15 12:10:42.933 E [ws] failed http=404 — ProtocolException: Expected HTTP 101 response but was '404 Not Found' · RealWebSocket.checkUpgradeSuccess$okhttp:224 ← RealWebSocket$connect$1.onResponse:170 ← RealCall$AsyncCall.run:519 ← ThreadPoolExecutor.runWorker:1145
09-15 12:10:42.935 D [ws] reconnect #7 in 30000ms
09-15 12:10:51.214 W [http] GET /api/status -> 404 · 404: Not Found
09-15 12:10:52.215 W [http] GET /api/status -> 404 · 404: Not Found
09-15 12:10:52.216 W [http] GET /api/cron/jobs -> 404 · 404: Not Found
09-15 12:11:08.077 W [http] GET /api/status -> 404 · 404: Not Found
09-15 12:11:09.080 W [http] GET /api/status -> 404 · 404: Not Found
09-15 12:11:09.082 W [http] GET /api/cron/jobs -> 404 · 404: Not Found
09-15 12:11:13.097 E [ws] failed http=404 — ProtocolException: Expected HTTP 101 response but was '404 Not Found' · RealWebSocket.checkUpgradeSuccess$okhttp:224 ← RealWebSocket$connect$1.onResponse:170 ← RealCall$AsyncCall.run:519 ← ThreadPoolExecutor.runWorker:1145
09-15 12:11:13.098 D [ws] reconnect #8 in 30000ms
09-15 12:11:24.707 W [http] GET /api/status -> 404 · 404: Not Found
09-15 12:11:25.706 W [http] GET /api/cron/jobs -> 404 · 404: Not Found
09-15 12:11:25.707 W [http] GET /api/status -> 404 · 404: Not Found
09-15 12:11:41.605 W [http] GET /api/status -> 404 · 404: Not Found
09-15 12:11:42.605 W [http] GET /api/status -> 404 · 404: Not Found
09-15 12:11:42.606 W [http] GET /api/cron/jobs -> 404 · 404: Not Found
09-15 12:11:43.200 E [ws] failed http=404 — ProtocolException: Expected HTTP 101 response but was '404 Not Found' · RealWebSocket.checkUpgradeSuccess$okhttp:224 ← RealWebSocket$connect$1.onResponse:170 ← RealCall$AsyncCall.run:519 ← ThreadPoolExecutor.runWorker:1145
09-15 12:11:43.200 D [ws] reconnect #9 in 30000ms
09-15 12:11:57.645 I [bridge] agent called screen.dump
09-15 12:11:57.646 I [a11y] eylem screen.dump 
09-15 12:11:57.721 I [a11y] screen.dump → tamam: {"ok":true,"package":"com.hermes.mobile.v2","activity":"com.hermes.mobile.MainActivity","nodes":49,"truncated":false,"summary":"com.hermes.mobile.v2 / MainActivity · 49 düğüm (27 görünür) · 12 tıklana
09-15 12:11:58.646 W [http] GET /api/status -> 404 · 404: Not Found
09-15 12:11:59.653 W [http] GET /api/cron/jobs -> 404 · 404: Not Found
09-15 12:11:59.652 W [http] GET /api/status -> 404 · 404: Not Found
09-15 12:12:13.297 E [ws] failed http=404 — ProtocolException: Expected HTTP 101 response but was '404 Not Found' · RealWebSocket.checkUpgradeSuccess$okhttp:224 ← RealWebSocket$connect$1.onResponse:170 ← RealCall$AsyncCall.run:519 ← ThreadPoolExecutor.runWorker:1145
09-15 12:12:13.299 D [ws] reconnect #10 in 30000ms
09-15 12:12:15.392 W [http] GET /api/status -> 404 · 404: Not Found
09-15 12:12:16.311 W [http] GET /api/cron/jobs -> 404 · 404: Not Found
09-15 12:12:16.312 W [http] GET /api/status -> 404 · 404: Not Found
09-15 12:12:31.989 W [http] GET /api/status -> 404 · 404: Not Found
09-15 12:12:32.992 W [http] GET /api/cron/jobs -> 404 · 404: Not Found
09-15 12:12:32.992 W [http] GET /api/status -> 404 · 404: Not Found
09-15 12:12:43.332 E [ws] failed http=404 — ProtocolException: Expected HTTP 101 response but was '404 Not Found' · RealWebSocket.checkUpgradeSuccess$okhttp:224 ← RealWebSocket$connect$1.onResponse:170 ← RealCall$AsyncCall.run:519 ← ThreadPoolExecutor.runWorker:1145
09-15 12:12:43.334 D [ws] reconnect #11 in 30000ms
09-15 12:12:48.853 W [http] GET /api/status -> 404 · 404: Not Found
09-15 12:12:49.855 W [http] GET /api/cron/jobs -> 404 · 404: Not Found
09-15 12:12:49.855 W [http] GET /api/status -> 404 · 404: Not Found
09-15 12:13:05.712 W [http] GET /api/status -> 404 · 404: Not Found
09-15 12:13:06.712 W [http] GET /api/cron/jobs -> 404 · 404: Not Found
09-15 12:13:06.712 W [http] GET /api/status -> 404 · 404: Not Found
09-15 12:13:13.385 E [ws] failed http=404 — ProtocolException: Expected HTTP 101 response but was '404 Not Found' · RealWebSocket.checkUpgradeSuccess$okhttp:224 ← RealWebSocket$connect$1.onResponse:170 ← RealCall$AsyncCall.run:519 ← ThreadPoolExecutor.runWorker:1145
09-15 12:13:13.386 D [ws] reconnect #12 in 30000ms
09-15 12:13:22.403 W [http] GET /api/status -> 404 · 404: Not Found
09-15 12:13:23.201 W [http] GET /api/status -> 404 · 404: Not Found
09-15 12:13:23.204 W [http] GET /api/cron/jobs -> 404 · 404: Not Found
09-15 12:13:39.260 W [http] GET /api/status -> 404 · 404: Not Found
09-15 12:13:40.260 W [http] GET /api/cron/jobs -> 404 · 404: Not Found
09-15 12:13:40.260 W [http] GET /api/status -> 404 · 404: Not Found
09-15 12:13:43.434 E [ws] failed http=404 — ProtocolException: Expected HTTP 101 response but was '404 Not Found' · RealWebSocket.checkUpgradeSuccess$okhttp:224 ← RealWebSocket$connect$1.onResponse:170 ← RealCall$AsyncCall.run:519 ← ThreadPoolExecutor.runWorker:1145
09-15 12:13:43.436 D [ws] reconnect #13 in 30000ms
09-15 12:13:55.251 I [bridge] agent called screen.dump
09-15 12:13:55.253 I [a11y] eylem screen.dump 
09-15 12:13:55.293 I [a11y] screen.dump → tamam: {"ok":true,"package":"com.hermes.mobile.v2","activity":"com.hermes.mobile.MainActivity","nodes":49,"truncated":false,"summary":"com.hermes.mobile.v2 / MainActivity · 49 düğüm (27 görünür) · 12 tıklana
09-15 12:13:55.322 I [bridge] agent called global
09-15 12:13:55.323 I [a11y] eylem global action=ana ekran
09-15 12:13:55.873 W [http] GET /api/status -> 404 · 404: Not Found
09-15 12:13:56.219 I [a11y] global → tamam: home uygulandı · com.google.android.inputmethod.latin / SoftInputWindow · 34 düğüm (33 görünür) · 14 tıklanabilir · 15 Eylül Sal 15 Eylül Sal | Gmail Gmail | Fotoğraflar Fotoğraflar | YouTube YouTube
09-15 12:13:56.474 W [http] GET /api/status -> 404 · 404: Not Found
09-15 12:13:56.493 W [http] GET /api/cron/jobs -> 404 · 404: Not Found
09-15 12:13:58.478 I [bridge] agent called screen.dump
09-15 12:13:58.481 I [a11y] eylem screen.dump 
09-15 12:13:58.512 I [a11y] screen.dump → tamam: {"ok":true,"package":"com.google.android.apps.nexuslauncher","activity":"com.google.android.apps.nexuslauncher.NexusLauncherActivity","nodes":34,"truncated":false,"summary":"com.google.android.apps.ne
09-15 12:13:58.541 I [bridge] agent called screenshot
09-15 12:13:58.542 I [a11y] eylem screenshot 
09-15 12:13:58.635 I [a11y] screenshot 119201B 1080x2400
09-15 12:13:58.639 I [a11y] screenshot → tamam: {"bytes":119201,"width":1080,"height":2400,"scale":1.0,"image_base64":"/9j/4AAQSkZJRgABAQAAAQABAAD/4gHYSUNDX1BST0ZJTEUAAQEAAAHIAAAAAAQwAABtbnRyUkdCIFhZWiAH4AABAAEAAAAAAABhY3NwAAAAAAAAAAAAAAAAAAAAAAAAA
09-15 12:13:59.657 I [bridge] agent called screen.dump
09-15 12:13:59.658 I [a11y] eylem screen.dump 
09-15 12:13:59.663 I [a11y] screen.dump → tamam: {"ok":true,"package":"com.google.android.apps.nexuslauncher","activity":"com.google.android.apps.nexuslauncher.NexusLauncherActivity","nodes":34,"truncated":false,"summary":"com.google.android.apps.ne
09-15 12:14:12.163 W [http] GET /api/status -> 404 · 404: Not Found
09-15 12:14:13.172 W [http] GET /api/cron/jobs -> 404 · 404: Not Found
09-15 12:14:13.174 W [http] GET /api/status -> 404 · 404: Not Found
09-15 12:14:13.493 E [ws] failed http=404 — ProtocolException: Expected HTTP 101 response but was '404 Not Found' · RealWebSocket.checkUpgradeSuccess$okhttp:224 ← RealWebSocket$connect$1.onResponse:170 ← RealCall$AsyncCall.run:519 ← ThreadPoolExecutor.runWorker:1145
09-15 12:14:13.497 D [ws] reconnect #14 in 30000ms
09-15 12:14:21.940 I [bridge] agent called screenshot
09-15 12:14:21.941 I [a11y] eylem screenshot 
09-15 12:14:22.017 I [a11y] screenshot 119153B 1080x2400
09-15 12:14:22.022 I [a11y] screenshot → tamam: {"bytes":119153,"width":1080,"height":2400,"scale":1.0,"image_base64":"/9j/4AAQSkZJRgABAQAAAQABAAD/4gHYSUNDX1BST0ZJTEUAAQEAAAHIAAAAAAQwAABtbnRyUkdCIFhZWiAH4AABAAEAAAAAAABhY3NwAAAAAAAAAAAAAAAAAAAAAAAAA
09-15 12:14:28.788 W [http] GET /api/status -> 404 · 404: Not Found
09-15 12:14:29.786 W [http] GET /api/cron/jobs -> 404 · 404: Not Found
09-15 12:14:29.787 W [http] GET /api/status -> 404 · 404: Not Found
09-15 12:14:43.556 E [ws] failed http=404 — ProtocolException: Expected HTTP 101 response but was '404 Not Found' · RealWebSocket.checkUpgradeSuccess$okhttp:224 ← RealWebSocket$connect$1.onResponse:170 ← RealCall$AsyncCall.run:519 ← ThreadPoolExecutor.runWorker:1145
09-15 12:14:43.559 D [ws] reconnect #15 in 30000ms
09-15 12:14:44.827 W [http] GET /api/status -> 404 · 404: Not Found
09-15 12:14:45.830 W [http] GET /api/cron/jobs -> 404 · 404: Not Found
09-15 12:14:45.830 W [http] GET /api/status -> 404 · 404: Not Found
09-15 12:15:01.659 W [http] GET /api/status -> 404 · 404: Not Found
09-15 12:15:02.665 W [http] GET /api/cron/jobs -> 404 · 404: Not Found
09-15 12:15:02.668 W [http] GET /api/status -> 404 · 404: Not Found
09-15 12:15:13.650 E [ws] failed http=404 — ProtocolException: Expected HTTP 101 response but was '404 Not Found' · RealWebSocket.checkUpgradeSuccess$okhttp:224 ← RealWebSocket$connect$1.onResponse:170 ← RealCall$AsyncCall.run:519 ← ThreadPoolExecutor.runWorker:1145
09-15 12:15:13.654 D [ws] reconnect #16 in 30000ms
09-15 12:15:18.621 W [http] GET /api/status -> 404 · 404: Not Found
09-15 12:15:18.658 W [http] GET /api/status -> 404 · 404: Not Found
09-15 12:15:18.659 W [http] GET /api/cron/jobs -> 404 · 404: Not Found
09-15 12:15:34.481 W [http] GET /api/status -> 404 · 404: Not Found
09-15 12:15:35.109 W [http] GET /api/cron/jobs -> 404 · 404: Not Found
09-15 12:15:35.109 W [http] GET /api/status -> 404 · 404: Not Found
09-15 12:15:43.724 E [ws] failed http=404 — ProtocolException: Expected HTTP 101 response but was '404 Not Found' · RealWebSocket.checkUpgradeSuccess$okhttp:224 ← RealWebSocket$connect$1.onResponse:170 ← RealCall$AsyncCall.run:519 ← ThreadPoolExecutor.runWorker:1145
09-15 12:15:43.726 D [ws] reconnect #17 in 30000ms
09-15 12:15:50.735 W [http] GET /api/status -> 404 · 404: Not Found
09-15 12:15:51.250 W [http] GET /api/cron/jobs -> 404 · 404: Not Found
09-15 12:15:51.255 W [http] GET /api/status -> 404 · 404: Not Found
09-15 12:16:07.212 W [http] GET /api/status -> 404 · 404: Not Found
09-15 12:16:08.149 W [http] GET /api/cron/jobs -> 404 · 404: Not Found
09-15 12:16:08.149 W [http] GET /api/status -> 404 · 404: Not Found
09-15 12:16:13.837 E [ws] failed http=404 — ProtocolException: Expected HTTP 101 response but was '404 Not Found' · RealWebSocket.checkUpgradeSuccess$okhttp:224 ← RealWebSocket$connect$1.onResponse:170 ← RealCall$AsyncCall.run:519 ← ThreadPoolExecutor.runWorker:1145
09-15 12:16:13.845 D [ws] reconnect #18 in 30000ms
09-15 12:16:23.841 W [http] GET /api/status -> 404 · 404: Not Found
09-15 12:16:24.767 W [http] GET /api/cron/jobs -> 404 · 404: Not Found
09-15 12:16:24.767 W [http] GET /api/status -> 404 · 404: Not Found
09-15 12:16:40.836 W [http] GET /api/status -> 404 · 404: Not Found
09-15 12:16:41.679 W [http] GET /api/cron/jobs -> 404 · 404: Not Found
09-15 12:16:41.680 W [http] GET /api/status -> 404 · 404: Not Found
09-15 12:16:43.909 E [ws] failed http=404 — ProtocolException: Expected HTTP 101 response but was '404 Not Found' · RealWebSocket.checkUpgradeSuccess$okhttp:224 ← RealWebSocket$connect$1.onResponse:170 ← RealCall$AsyncCall.run:519 ← ThreadPoolExecutor.runWorker:1145
09-15 12:16:43.910 D [ws] reconnect #19 in 30000ms
09-15 12:16:57.541 W [http] GET /api/status -> 404 · 404: Not Found
09-15 12:16:58.543 W [http] GET /api/cron/jobs -> 404 · 404: Not Found
09-15 12:16:58.543 W [http] GET /api/status -> 404 · 404: Not Found
09-15 12:17:14.019 E [ws] failed http=404 — ProtocolException: Expected HTTP 101 response but was '404 Not Found' · RealWebSocket.checkUpgradeSuccess$okhttp:224 ← RealWebSocket$connect$1.onResponse:170 ← RealCall$AsyncCall.run:519 ← ThreadPoolExecutor.runWorker:1145
09-15 12:17:14.019 W [http] GET /api/status -> 404 · 404: Not Found
09-15 12:17:14.020 D [ws] reconnect #20 in 30000ms
09-15 12:17:15.022 W [http] GET /api/cron/jobs -> 404 · 404: Not Found
09-15 12:17:15.022 W [http] GET /api/status -> 404 · 404: Not Found
09-15 12:17:30.705 W [http] GET /api/status -> 404 · 404: Not Found
09-15 12:17:31.707 W [http] GET /api/status -> 404 · 404: Not Found
09-15 12:17:31.707 W [http] GET /api/cron/jobs -> 404 · 404: Not Found
09-15 12:17:44.067 E [ws] failed http=404 — ProtocolException: Expected HTTP 101 response but was '404 Not Found' · RealWebSocket.checkUpgradeSuccess$okhttp:224 ← RealWebSocket$connect$1.onResponse:170 ← RealCall$AsyncCall.run:519 ← ThreadPoolExecutor.runWorker:1145
09-15 12:17:44.068 D [ws] reconnect #21 in 30000ms
09-15 12:17:47.574 W [http] GET /api/status -> 404 · 404: Not Found
09-15 12:17:48.575 W [http] GET /api/status -> 404 · 404: Not Found
09-15 12:17:48.575 W [http] GET /api/cron/jobs -> 404 · 404: Not Found
09-15 12:18:04.196 W [http] GET /api/status -> 404 · 404: Not Found
09-15 12:18:05.197 W [http] GET /api/cron/jobs -> 404 · 404: Not Found
09-15 12:18:05.197 W [http] GET /api/status -> 404 · 404: Not Found
09-15 12:18:14.081 E [ws] failed http=404 — ProtocolException: Expected HTTP 101 response but was '404 Not Found' · RealWebSocket.checkUpgradeSuccess$okhttp:224 ← RealWebSocket$connect$1.onResponse:170 ← RealCall$AsyncCall.run:519 ← ThreadPoolExecutor.runWorker:1145
09-15 12:18:14.081 D [ws] reconnect #22 in 30000ms
09-15 12:18:21.093 W [http] GET /api/status -> 404 · 404: Not Found
09-15 12:18:22.095 W [http] GET /api/status -> 404 · 404: Not Found
09-15 12:18:22.095 W [http] GET /api/cron/jobs -> 404 · 404: Not Found
09-15 12:18:37.799 W [http] GET /api/status -> 404 · 404: Not Found
09-15 12:18:38.802 W [http] GET /api/status -> 404 · 404: Not Found
09-15 12:18:38.802 W [http] GET /api/cron/jobs -> 404 · 404: Not Found
09-15 12:18:44.154 E [ws] failed http=404 — ProtocolException: Expected HTTP 101 response but was '404 Not Found' · RealWebSocket.checkUpgradeSuccess$okhttp:224 ← RealWebSocket$connect$1.onResponse:170 ← RealCall$AsyncCall.run:519 ← ThreadPoolExecutor.runWorker:1145
09-15 12:18:44.159 D [ws] reconnect #23 in 30000ms
09-15 12:18:54.695 W [http] GET /api/status -> 404 · 404: Not Found
09-15 12:18:55.695 W [http] GET /api/status -> 404 · 404: Not Found
09-15 12:18:55.695 W [http] GET /api/cron/jobs -> 404 · 404: Not Found
09-15 12:19:11.559 W [http] GET /api/status -> 404 · 404: Not Found
09-15 12:19:12.237 W [http] GET /api/cron/jobs -> 404 · 404: Not Found
09-15 12:19:12.237 W [http] GET /api/status -> 404 · 404: Not Found
09-15 12:19:14.197 E [ws] failed http=404 — ProtocolException: Expected HTTP 101 response but was '404 Not Found' · RealWebSocket.checkUpgradeSuccess$okhttp:224 ← RealWebSocket$connect$1.onResponse:170 ← RealCall$AsyncCall.run:519 ← ThreadPoolExecutor.runWorker:1145
09-15 12:19:14.199 D [ws] reconnect #24 in 30000ms
09-15 12:19:28.205 W [http] GET /api/status -> 404 · 404: Not Found
09-15 12:19:28.878 W [http] GET /api/status -> 404 · 404: Not Found
09-15 12:19:28.878 W [http] GET /api/cron/jobs -> 404 · 404: Not Found
09-15 12:19:44.441 E [ws] failed http=404 — ProtocolException: Expected HTTP 101 response but was '404 Not Found' · RealWebSocket.checkUpgradeSuccess$okhttp:224 ← RealWebSocket$connect$1.onResponse:170 ← RealCall$AsyncCall.run:519 ← ThreadPoolExecutor.runWorker:1145
09-15 12:19:44.443 W [http] GET /api/status -> 404 · 404: Not Found
09-15 12:19:44.445 D [ws] reconnect #25 in 30000ms
09-15 12:19:45.356 W [http] GET /api/status -> 404 · 404: Not Found
09-15 12:19:45.356 W [http] GET /api/cron/jobs -> 404 · 404: Not Found
09-15 12:20:01.408 W [http] GET /api/status -> 404 · 404: Not Found
09-15 12:20:02.174 W [http] GET /api/cron/jobs -> 404 · 404: Not Found
09-15 12:20:02.174 W [http] GET /api/status -> 404 · 404: Not Found
09-15 12:20:14.532 E [ws] failed http=404 — ProtocolException: Expected HTTP 101 response but was '404 Not Found' · RealWebSocket.checkUpgradeSuccess$okhttp:224 ← RealWebSocket$connect$1.onResponse:170 ← RealCall$AsyncCall.run:519 ← ThreadPoolExecutor.runWorker:1145
09-15 12:20:14.533 D [ws] reconnect #26 in 30000ms
09-15 12:20:18.032 W [http] GET /api/status -> 404 · 404: Not Found
09-15 12:20:18.666 W [http] GET /api/cron/jobs -> 404 · 404: Not Found
09-15 12:20:18.666 W [http] GET /api/status -> 404 · 404: Not Found
09-15 12:20:34.567 W [http] GET /api/status -> 404 · 404: Not Found
09-15 12:20:35.246 W [http] GET /api/cron/jobs -> 404 · 404: Not Found
09-15 12:20:35.246 W [http] GET /api/status -> 404 · 404: Not Found
09-15 12:20:44.548 E [ws] failed http=404 — ProtocolException: Expected HTTP 101 response but was '404 Not Found' · RealWebSocket.checkUpgradeSuccess$okhttp:224 ← RealWebSocket$connect$1.onResponse:170 ← RealCall$AsyncCall.run:519 ← ThreadPoolExecutor.runWorker:1145
09-15 12:20:44.550 D [ws] reconnect #27 in 30000ms
09-15 12:20:50.758 W [http] GET /api/status -> 404 · 404: Not Found
09-15 12:20:51.267 W [http] GET /api/cron/jobs -> 404 · 404: Not Found
09-15 12:20:51.267 W [http] GET /api/status -> 404 · 404: Not Found
09-15 12:21:06.920 W [http] GET /api/status -> 404 · 404: Not Found
09-15 12:21:07.766 W [http] GET /api/cron/jobs -> 404 · 404: Not Found
09-15 12:21:07.766 W [http] GET /api/status -> 404 · 404: Not Found
09-15 12:21:14.599 E [ws] failed http=404 — ProtocolException: Expected HTTP 101 response but was '404 Not Found' · RealWebSocket.checkUpgradeSuccess$okhttp:224 ← RealWebSocket$connect$1.onResponse:170 ← RealCall$AsyncCall.run:519 ← ThreadPoolExecutor.runWorker:1145
09-15 12:21:14.601 D [ws] reconnect #28 in 30000ms
09-15 12:21:23.611 W [http] GET /api/status -> 404 · 404: Not Found
09-15 12:21:24.196 W [http] GET /api/status -> 404 · 404: Not Found
09-15 12:21:24.197 W [http] GET /api/cron/jobs -> 404 · 404: Not Found
09-15 12:21:39.926 W [http] GET /api/status -> 404 · 404: Not Found
09-15 12:21:40.872 W [http] GET /api/status -> 404 · 404: Not Found
09-15 12:21:40.872 W [http] GET /api/cron/jobs -> 404 · 404: Not Found
09-15 12:21:44.768 E [ws] failed http=404 — ProtocolException: Expected HTTP 101 response but was '404 Not Found' · RealWebSocket.checkUpgradeSuccess$okhttp:224 ← RealWebSocket$connect$1.onResponse:170 ← RealCall$AsyncCall.run:519 ← ThreadPoolExecutor.runWorker:1145
09-15 12:21:44.770 D [ws] reconnect #29 in 30000ms
09-15 12:21:56.787 W [http] GET /api/status -> 404 · 404: Not Found
09-15 12:21:57.577 W [http] GET /api/cron/jobs -> 404 · 404: Not Found
09-15 12:21:57.578 W [http] GET /api/status -> 404 · 404: Not Found
09-15 12:22:13.203 W [http] GET /api/status -> 404 · 404: Not Found
09-15 12:22:14.153 W [http] GET /api/cron/jobs -> 404 · 404: Not Found
09-15 12:22:14.153 W [http] GET /api/status -> 404 · 404: Not Found
09-15 12:22:15.092 E [ws] failed http=404 — ProtocolException: Expected HTTP 101 response but was '404 Not Found' · RealWebSocket.checkUpgradeSuccess$okhttp:224 ← RealWebSocket$connect$1.onResponse:170 ← RealCall$AsyncCall.run:519 ← ThreadPoolExecutor.runWorker:1145
09-15 12:22:15.095 D [ws] reconnect #30 in 30000ms
09-15 12:22:30.137 W [http] GET /api/status -> 404 · 404: Not Found
09-15 12:22:30.866 W [http] GET /api/cron/jobs -> 404 · 404: Not Found
09-15 12:22:30.866 W [http] GET /api/status -> 404 · 404: Not Found
09-15 12:22:45.167 E [ws] failed http=404 — ProtocolException: Expected HTTP 101 response but was '404 Not Found' · RealWebSocket.checkUpgradeSuccess$okhttp:224 ← RealWebSocket$connect$1.onResponse:170 ← RealCall$AsyncCall.run:519 ← ThreadPoolExecutor.runWorker:1145
09-15 12:22:45.170 D [ws] reconnect #31 in 30000ms
09-15 12:22:46.670 W [http] GET /api/status -> 404 · 404: Not Found
09-15 12:22:47.642 W [http] GET /api/status -> 404 · 404: Not Found
09-15 12:22:47.642 W [http] GET /api/cron/jobs -> 404 · 404: Not Found
09-15 12:23:03.438 W [http] GET /api/status -> 404 · 404: Not Found
09-15 12:23:04.204 W [http] GET /api/status -> 404 · 404: Not Found
09-15 12:23:04.205 W [http] GET /api/cron/jobs -> 404 · 404: Not Found
09-15 12:23:15.186 E [ws] failed http=404 — ProtocolException: Expected HTTP 101 response but was '404 Not Found' · RealWebSocket.checkUpgradeSuccess$okhttp:224 ← RealWebSocket$connect$1.onResponse:170 ← RealCall$AsyncCall.run:519 ← ThreadPoolExecutor.runWorker:1145
09-15 12:23:15.188 D [ws] reconnect #32 in 30000ms
09-15 12:23:19.833 W [http] GET /api/status -> 404 · 404: Not Found
09-15 12:23:20.836 W [http] GET /api/status -> 404 · 404: Not Found
09-15 12:23:20.836 W [http] GET /api/cron/jobs -> 404 · 404: Not Found
09-15 12:23:36.445 W [http] GET /api/status -> 404 · 404: Not Found
09-15 12:23:37.445 W [http] GET /api/status -> 404 · 404: Not Found
09-15 12:23:37.446 W [http] GET /api/cron/jobs -> 404 · 404: Not Found
09-15 12:23:45.239 E [ws] failed http=404 — ProtocolException: Expected HTTP 101 response but was '404 Not Found' · RealWebSocket.checkUpgradeSuccess$okhttp:224 ← RealWebSocket$connect$1.onResponse:170 ← RealCall$AsyncCall.run:519 ← ThreadPoolExecutor.runWorker:1145
09-15 12:23:45.240 D [ws] reconnect #33 in 30000ms
09-15 12:23:53.249 W [http] GET /api/status -> 404 · 404: Not Found
09-15 12:23:54.250 W [http] GET /api/status -> 404 · 404: Not Found
09-15 12:23:54.250 W [http] GET /api/cron/jobs -> 404 · 404: Not Found
09-15 12:24:10.199 W [http] GET /api/status -> 404 · 404: Not Found
09-15 12:24:11.201 W [http] GET /api/status -> 404 · 404: Not Found
09-15 12:24:11.201 W [http] GET /api/cron/jobs -> 404 · 404: Not Found
09-15 12:24:15.287 E [ws] failed http=404 — ProtocolException: Expected HTTP 101 response but was '404 Not Found' · RealWebSocket.checkUpgradeSuccess$okhttp:224 ← RealWebSocket$connect$1.onResponse:170 ← RealCall$AsyncCall.run:519 ← ThreadPoolExecutor.runWorker:1145
09-15 12:24:15.290 D [ws] reconnect #34 in 30000ms
09-15 12:24:26.792 W [http] GET /api/status -> 404 · 404: Not Found
09-15 12:24:27.794 W [http] GET /api/status -> 404 · 404: Not Found
09-15 12:24:27.795 W [http] GET /api/cron/jobs -> 404 · 404: Not Found
09-15 12:24:43.479 W [http] GET /api/status -> 404 · 404: Not Found
09-15 12:24:44.197 W [http] GET /api/cron/jobs -> 404 · 404: Not Found
09-15 12:24:44.201 W [http] GET /api/status -> 404 · 404: Not Found
09-15 12:24:45.308 E [ws] failed http=404 — ProtocolException: Expected HTTP 101 response but was '404 Not Found' · RealWebSocket.checkUpgradeSuccess$okhttp:224 ← RealWebSocket$connect$1.onResponse:170 ← RealCall$AsyncCall.run:519 ← ThreadPoolExecutor.runWorker:1145
09-15 12:24:45.310 D [ws] reconnect #35 in 30000ms
09-15 12:25:00.018 W [http] GET /api/status -> 404 · 404: Not Found
09-15 12:25:01.018 W [http] GET /api/cron/jobs -> 404 · 404: Not Found
09-15 12:25:01.019 W [http] GET /api/status -> 404 · 404: Not Found
09-15 12:25:15.374 E [ws] failed http=404 — ProtocolException: Expected HTTP 101 response but was '404 Not Found' · RealWebSocket.checkUpgradeSuccess$okhttp:224 ← RealWebSocket$connect$1.onResponse:170 ← RealCall$AsyncCall.run:519 ← ThreadPoolExecutor.runWorker:1145
09-15 12:25:15.379 D [ws] reconnect #36 in 30000ms
09-15 12:25:16.874 W [http] GET /api/status -> 404 · 404: Not Found
09-15 12:25:17.875 W [http] GET /api/status -> 404 · 404: Not Found
09-15 12:25:17.875 W [http] GET /api/cron/jobs -> 404 · 404: Not Found
09-15 12:25:33.710 W [http] GET /api/status -> 404 · 404: Not Found
09-15 12:25:34.550 W [http] GET /api/status -> 404 · 404: Not Found
09-15 12:25:34.552 W [http] GET /api/cron/jobs -> 404 · 404: Not Found
09-15 12:25:45.447 E [ws] failed http=404 — ProtocolException: Expected HTTP 101 response but was '404 Not Found' · RealWebSocket.checkUpgradeSuccess$okhttp:224 ← RealWebSocket$connect$1.onResponse:170 ← RealCall$AsyncCall.run:519 ← ThreadPoolExecutor.runWorker:1145
09-15 12:25:45.449 D [ws] reconnect #37 in 30000ms
09-15 12:25:50.483 W [http] GET /api/status -> 404 · 404: Not Found
09-15 12:25:51.286 W [http] GET /api/cron/jobs -> 404 · 404: Not Found
09-15 12:25:51.286 W [http] GET /api/status -> 404 · 404: Not Found
09-15 12:26:06.937 W [http] GET /api/status -> 404 · 404: Not Found
09-15 12:26:07.810 W [http] GET /api/cron/jobs -> 404 · 404: Not Found
09-15 12:26:07.811 W [http] GET /api/status -> 404 · 404: Not Found
09-15 12:26:15.517 E [ws] failed http=404 — ProtocolException: Expected HTTP 101 response but was '404 Not Found' · RealWebSocket.checkUpgradeSuccess$okhttp:224 ← RealWebSocket$connect$1.onResponse:170 ← RealCall$AsyncCall.run:519 ← ThreadPoolExecutor.runWorker:1145
09-15 12:26:15.520 D [ws] reconnect #38 in 30000ms
09-15 12:26:23.526 W [http] GET /api/status -> 404 · 404: Not Found
09-15 12:26:24.149 W [http] GET /api/status -> 404 · 404: Not Found
09-15 12:26:24.151 W [http] GET /api/cron/jobs -> 404 · 404: Not Found
09-15 12:26:39.768 W [http] GET /api/status -> 404 · 404: Not Found
09-15 12:26:40.444 W [http] GET /api/cron/jobs -> 404 · 404: Not Found
09-15 12:26:40.445 W [http] GET /api/status -> 404 · 404: Not Found
09-15 12:26:45.548 E [ws] failed http=404 — ProtocolException: Expected HTTP 101 response but was '404 Not Found' · RealWebSocket.checkUpgradeSuccess$okhttp:224 ← RealWebSocket$connect$1.onResponse:170 ← RealCall$AsyncCall.run:519 ← ThreadPoolExecutor.runWorker:1145
09-15 12:26:45.550 D [ws] reconnect #39 in 30000ms
09-15 12:26:56.106 W [http] GET /api/status -> 404 · 404: Not Found
09-15 12:26:56.809 W [http] GET /api/status -> 404 · 404: Not Found
09-15 12:26:56.809 W [http] GET /api/cron/jobs -> 404 · 404: Not Found
09-15 12:27:12.609 W [http] GET /api/status -> 404 · 404: Not Found
09-15 12:27:13.207 W [http] GET /api/cron/jobs -> 404 · 404: Not Found
09-15 12:27:13.207 W [http] GET /api/status -> 404 · 404: Not Found
09-15 12:27:15.669 E [ws] failed http=404 — ProtocolException: Expected HTTP 101 response but was '404 Not Found' · RealWebSocket.checkUpgradeSuccess$okhttp:224 ← RealWebSocket$connect$1.onResponse:170 ← RealCall$AsyncCall.run:519 ← ThreadPoolExecutor.runWorker:1145
09-15 12:27:15.671 D [ws] reconnect #40 in 30000ms
09-15 12:27:29.204 W [http] GET /api/status -> 404 · 404: Not Found
09-15 12:27:30.204 W [http] GET /api/cron/jobs -> 404 · 404: Not Found
09-15 12:27:30.205 W [http] GET /api/status -> 404 · 404: Not Found
09-15 12:27:45.730 E [ws] failed http=404 — ProtocolException: Expected HTTP 101 response but was '404 Not Found' · RealWebSocket.checkUpgradeSuccess$okhttp:224 ← RealWebSocket$connect$1.onResponse:170 ← RealCall$AsyncCall.run:519 ← ThreadPoolExecutor.runWorker:1145
09-15 12:27:45.730 W [http] GET /api/status -> 404 · 404: Not Found
09-15 12:27:45.737 D [ws] reconnect #41 in 30000ms
09-15 12:27:46.717 W [http] GET /api/status -> 404 · 404: Not Found
09-15 12:27:46.719 W [http] GET /api/cron/jobs -> 404 · 404: Not Found
09-15 12:28:02.742 W [http] GET /api/status -> 404 · 404: Not Found
09-15 12:28:03.474 W [http] GET /api/status -> 404 · 404: Not Found
09-15 12:28:03.474 W [http] GET /api/cron/jobs -> 404 · 404: Not Found
09-15 12:28:15.856 E [ws] failed http=404 — ProtocolException: Expected HTTP 101 response but was '404 Not Found' · RealWebSocket.checkUpgradeSuccess$okhttp:224 ← RealWebSocket$connect$1.onResponse:170 ← RealCall$AsyncCall.run:519 ← ThreadPoolExecutor.runWorker:1145
09-15 12:28:15.857 D [ws] reconnect #42 in 30000ms
09-15 12:28:19.036 I [bridge] agent called screen.dump
09-15 12:28:19.036 W [http] GET /api/status -> 404 · 404: Not Found
09-15 12:28:19.037 I [a11y] eylem screen.dump 
09-15 12:28:19.050 I [a11y] screen.dump → tamam: {"ok":true,"package":"com.google.android.apps.nexuslauncher","activity":"com.google.android.apps.nexuslauncher.NexusLauncherActivity","nodes":34,"truncated":false,"summary":"com.google.android.apps.ne
09-15 12:28:19.837 W [http] GET /api/status -> 404 · 404: Not Found
09-15 12:28:19.837 W [http] GET /api/cron/jobs -> 404 · 404: Not Found
09-15 12:28:35.864 W [http] GET /api/status -> 404 · 404: Not Found
09-15 12:28:36.493 W [http] GET /api/cron/jobs -> 404 · 404: Not Found
09-15 12:28:36.493 W [http] GET /api/status -> 404 · 404: Not Found
09-15 12:28:45.954 E [ws] failed http=404 — ProtocolException: Expected HTTP 101 response but was '404 Not Found' · RealWebSocket.checkUpgradeSuccess$okhttp:224 ← RealWebSocket$connect$1.onResponse:170 ← RealCall$AsyncCall.run:519 ← ThreadPoolExecutor.runWorker:1145
09-15 12:28:45.957 D [ws] reconnect #43 in 30000ms
09-15 12:28:52.197 W [http] GET /api/status -> 404 · 404: Not Found
09-15 12:28:53.199 W [http] GET /api/status -> 404 · 404: Not Found
09-15 12:28:53.199 W [http] GET /api/cron/jobs -> 404 · 404: Not Found
09-15 12:29:08.833 W [http] GET /api/status -> 404 · 404: Not Found
09-15 12:29:09.829 W [http] GET /api/cron/jobs -> 404 · 404: Not Found
09-15 12:29:09.829 W [http] GET /api/status -> 404 · 404: Not Found
09-15 12:29:16.016 E [ws] failed http=404 — ProtocolException: Expected HTTP 101 response but was '404 Not Found' · RealWebSocket.checkUpgradeSuccess$okhttp:224 ← RealWebSocket$connect$1.onResponse:170 ← RealCall$AsyncCall.run:519 ← ThreadPoolExecutor.runWorker:1145
09-15 12:29:16.019 D [ws] reconnect #44 in 30000ms
09-15 12:29:25.197 W [http] GET /api/status -> 404 · 404: Not Found
09-15 12:29:26.198 W [http] GET /api/status -> 404 · 404: Not Found
09-15 12:29:26.198 W [http] GET /api/cron/jobs -> 404 · 404: Not Found
09-15 12:29:41.938 W [http] GET /api/status -> 404 · 404: Not Found
09-15 12:29:42.936 W [http] GET /api/cron/jobs -> 404 · 404: Not Found
09-15 12:29:42.936 W [http] GET /api/status -> 404 · 404: Not Found
09-15 12:29:46.033 E [ws] failed http=404 — ProtocolException: Expected HTTP 101 response but was '404 Not Found' · RealWebSocket.checkUpgradeSuccess$okhttp:224 ← RealWebSocket$connect$1.onResponse:170 ← RealCall$AsyncCall.run:519 ← ThreadPoolExecutor.runWorker:1145
09-15 12:29:46.034 D [ws] reconnect #45 in 30000ms
09-15 12:29:58.535 W [http] GET /api/status -> 404 · 404: Not Found
09-15 12:29:59.536 W [http] GET /api/status -> 404 · 404: Not Found
09-15 12:29:59.536 W [http] GET /api/cron/jobs -> 404 · 404: Not Found
09-15 12:30:15.461 W [http] GET /api/status -> 404 · 404: Not Found
09-15 12:30:16.056 E [ws] failed http=404 — ProtocolException: Expected HTTP 101 response but was '404 Not Found' · RealWebSocket.checkUpgradeSuccess$okhttp:224 ← RealWebSocket$connect$1.onResponse:170 ← RealCall$AsyncCall.run:519 ← ThreadPoolExecutor.runWorker:1145
09-15 12:30:16.057 W [http] GET /api/status -> 404 · 404: Not Found
09-15 12:30:16.057 W [http] GET /api/cron/jobs -> 404 · 404: Not Found
09-15 12:30:16.059 D [ws] reconnect #46 in 30000ms
09-15 12:30:32.039 W [http] GET /api/status -> 404 · 404: Not Found
09-15 12:30:33.039 W [http] GET /api/cron/jobs -> 404 · 404: Not Found
09-15 12:30:33.039 W [http] GET /api/status -> 404 · 404: Not Found
09-15 12:30:46.076 E [ws] failed http=404 — ProtocolException: Expected HTTP 101 response but was '404 Not Found' · RealWebSocket.checkUpgradeSuccess$okhttp:224 ← RealWebSocket$connect$1.onResponse:170 ← RealCall$AsyncCall.run:519 ← ThreadPoolExecutor.runWorker:1145
09-15 12:30:46.078 D [ws] reconnect #47 in 30000ms
09-15 12:30:48.576 W [http] GET /api/status -> 404 · 404: Not Found
09-15 12:30:49.574 W [http] GET /api/cron/jobs -> 404 · 404: Not Found
09-15 12:30:49.575 W [http] GET /api/status -> 404 · 404: Not Found
09-15 12:31:05.506 W [http] GET /api/status -> 404 · 404: Not Found
09-15 12:31:06.509 W [http] GET /api/status -> 404 · 404: Not Found
09-15 12:31:06.509 W [http] GET /api/cron/jobs -> 404 · 404: Not Found
09-15 12:31:16.206 E [ws] failed http=404 — ProtocolException: Expected HTTP 101 response but was '404 Not Found' · RealWebSocket.checkUpgradeSuccess$okhttp:224 ← RealWebSocket$connect$1.onResponse:170 ← RealCall$AsyncCall.run:519 ← ThreadPoolExecutor.runWorker:1145
09-15 12:31:16.207 D [ws] reconnect #48 in 30000ms
09-15 12:31:22.212 W [http] GET /api/status -> 404 · 404: Not Found
09-15 12:31:23.212 W [http] GET /api/status -> 404 · 404: Not Found
09-15 12:31:23.212 W [http] GET /api/cron/jobs -> 404 · 404: Not Found
09-15 12:31:39.095 W [http] GET /api/status -> 404 · 404: Not Found
09-15 12:31:39.809 W [http] GET /api/cron/jobs -> 404 · 404: Not Found
09-15 12:31:39.809 W [http] GET /api/status -> 404 · 404: Not Found
09-15 12:31:46.284 E [ws] failed http=404 — ProtocolException: Expected HTTP 101 response but was '404 Not Found' · RealWebSocket.checkUpgradeSuccess$okhttp:224 ← RealWebSocket$connect$1.onResponse:170 ← RealCall$AsyncCall.run:519 ← ThreadPoolExecutor.runWorker:1145
09-15 12:31:46.287 D [ws] reconnect #49 in 30000ms
09-15 12:31:55.799 W [http] GET /api/status -> 404 · 404: Not Found
09-15 12:31:56.698 W [http] GET /api/status -> 404 · 404: Not Found
09-15 12:31:56.698 W [http] GET /api/cron/jobs -> 404 · 404: Not Found
09-15 12:32:12.674 W [http] GET /api/status -> 404 · 404: Not Found
09-15 12:32:13.348 W [http] GET /api/status -> 404 · 404: Not Found
09-15 12:32:13.350 W [http] GET /api/cron/jobs -> 404 · 404: Not Found
09-15 12:32:16.356 E [ws] failed http=404 — ProtocolException: Expected HTTP 101 response but was '404 Not Found' · RealWebSocket.checkUpgradeSuccess$okhttp:224 ← RealWebSocket$connect$1.onResponse:170 ← RealCall$AsyncCall.run:519 ← ThreadPoolExecutor.runWorker:1145
09-15 12:32:16.357 D [ws] reconnect #50 in 30000ms
09-15 12:32:29.225 W [http] GET /api/status -> 404 · 404: Not Found
09-15 12:32:30.227 W [http] GET /api/status -> 404 · 404: Not Found
09-15 12:32:30.227 W [http] GET /api/cron/jobs -> 404 · 404: Not Found
09-15 12:32:45.745 W [http] GET /api/status -> 404 · 404: Not Found
09-15 12:32:46.413 E [ws] failed http=404 — ProtocolException: Expected HTTP 101 response but was '404 Not Found' · RealWebSocket.checkUpgradeSuccess$okhttp:224 ← RealWebSocket$connect$1.onResponse:170 ← RealCall$AsyncCall.run:519 ← ThreadPoolExecutor.runWorker:1145
09-15 12:32:46.413 W [http] GET /api/status -> 404 · 404: Not Found
09-15 12:32:46.413 W [http] GET /api/cron/jobs -> 404 · 404: Not Found
09-15 12:32:46.414 D [ws] reconnect #51 in 30000ms
09-15 12:33:02.228 W [http] GET /api/status -> 404 · 404: Not Found
09-15 12:33:02.753 W [http] GET /api/status -> 404 · 404: Not Found
09-15 12:33:02.754 W [http] GET /api/cron/jobs -> 404 · 404: Not Found
09-15 12:33:16.469 E [ws] failed http=404 — ProtocolException: Expected HTTP 101 response but was '404 Not Found' · RealWebSocket.checkUpgradeSuccess$okhttp:224 ← RealWebSocket$connect$1.onResponse:170 ← RealCall$AsyncCall.run:519 ← ThreadPoolExecutor.runWorker:1145
09-15 12:33:16.471 D [ws] reconnect #52 in 30000ms
09-15 12:33:18.471 W [http] GET /api/status -> 404 · 404: Not Found
09-15 12:33:19.040 W [http] GET /api/status -> 404 · 404: Not Found
09-15 12:33:19.041 W [http] GET /api/cron/jobs -> 404 · 404: Not Found
09-15 12:33:34.716 W [http] GET /api/status -> 404 · 404: Not Found
09-15 12:33:35.729 W [http] GET /api/cron/jobs -> 404 · 404: Not Found
09-15 12:33:35.729 W [http] GET /api/status -> 404 · 404: Not Found
09-15 12:33:46.561 E [ws] failed http=404 — ProtocolException: Expected HTTP 101 response but was '404 Not Found' · RealWebSocket.checkUpgradeSuccess$okhttp:224 ← RealWebSocket$connect$1.onResponse:170 ← RealCall$AsyncCall.run:519 ← ThreadPoolExecutor.runWorker:1145
09-15 12:33:46.565 D [ws] reconnect #53 in 30000ms
09-15 12:33:51.565 W [http] GET /api/status -> 404 · 404: Not Found
09-15 12:33:52.288 W [http] GET /api/cron/jobs -> 404 · 404: Not Found
09-15 12:33:52.288 W [http] GET /api/status -> 404 · 404: Not Found
09-15 12:34:08.199 W [http] GET /api/status -> 404 · 404: Not Found
09-15 12:34:08.875 W [http] GET /api/status -> 404 · 404: Not Found
09-15 12:34:08.876 W [http] GET /api/cron/jobs -> 404 · 404: Not Found
09-15 12:34:16.600 E [ws] failed http=404 — ProtocolException: Expected HTTP 101 response but was '404 Not Found' · RealWebSocket.checkUpgradeSuccess$okhttp:224 ← RealWebSocket$connect$1.onResponse:170 ← RealCall$AsyncCall.run:519 ← ThreadPoolExecutor.runWorker:1145
09-15 12:34:16.602 D [ws] reconnect #54 in 30000ms
09-15 12:34:24.641 W [http] GET /api/status -> 404 · 404: Not Found
09-15 12:34:25.241 W [http] GET /api/status -> 404 · 404: Not Found
09-15 12:34:25.241 W [http] GET /api/cron/jobs -> 404 · 404: Not Found
09-15 12:34:40.820 W [http] GET /api/status -> 404 · 404: Not Found
09-15 12:34:41.823 W [http] GET /api/cron/jobs -> 404 · 404: Not Found
09-15 12:34:41.823 W [http] GET /api/status -> 404 · 404: Not Found
09-15 12:34:46.676 E [ws] failed http=404 — ProtocolException: Expected HTTP 101 response but was '404 Not Found' · RealWebSocket.checkUpgradeSuccess$okhttp:224 ← RealWebSocket$connect$1.onResponse:170 ← RealCall$AsyncCall.run:519 ← ThreadPoolExecutor.runWorker:1145
09-15 12:34:46.678 D [ws] reconnect #55 in 30000ms
09-15 12:34:57.867 W [http] GET /api/status -> 404 · 404: Not Found
09-15 12:34:58.540 W [http] GET /api/status -> 404 · 404: Not Found
09-15 12:34:58.541 W [http] GET /api/cron/jobs -> 404 · 404: Not Found
09-15 12:35:14.599 W [http] GET /api/status -> 404 · 404: Not Found
09-15 12:35:15.498 W [http] GET /api/status -> 404 · 404: Not Found
09-15 12:35:15.498 W [http] GET /api/cron/jobs -> 404 · 404: Not Found
09-15 12:35:16.724 E [ws] failed http=404 — ProtocolException: Expected HTTP 101 response but was '404 Not Found' · RealWebSocket.checkUpgradeSuccess$okhttp:224 ← RealWebSocket$connect$1.onResponse:170 ← RealCall$AsyncCall.run:519 ← ThreadPoolExecutor.runWorker:1145
09-15 12:35:16.726 D [ws] reconnect #56 in 30000ms
09-15 12:35:31.203 W [http] GET /api/status -> 404 · 404: Not Found
09-15 12:35:32.057 W [http] GET /api/cron/jobs -> 404 · 404: Not Found
09-15 12:35:32.057 W [http] GET /api/status -> 404 · 404: Not Found
09-15 12:35:46.760 E [ws] failed http=404 — ProtocolException: Expected HTTP 101 response but was '404 Not Found' · RealWebSocket.checkUpgradeSuccess$okhttp:224 ← RealWebSocket$connect$1.onResponse:170 ← RealCall$AsyncCall.run:519 ← ThreadPoolExecutor.runWorker:1145
09-15 12:35:46.764 D [ws] reconnect #57 in 30000ms
09-15 12:35:47.756 W [http] GET /api/status -> 404 · 404: Not Found
09-15 12:35:48.589 W [http] GET /api/cron/jobs -> 404 · 404: Not Found
09-15 12:35:48.590 W [http] GET /api/status -> 404 · 404: Not Found
09-15 12:36:04.610 W [http] GET /api/status -> 404 · 404: Not Found
09-15 12:36:05.199 W [http] GET /api/status -> 404 · 404: Not Found
09-15 12:36:05.199 W [http] GET /api/cron/jobs -> 404 · 404: Not Found
09-15 12:36:16.844 E [ws] failed http=404 — ProtocolException: Expected HTTP 101 response but was '404 Not Found' · RealWebSocket.checkUpgradeSuccess$okhttp:224 ← RealWebSocket$connect$1.onResponse:170 ← RealCall$AsyncCall.run:519 ← ThreadPoolExecutor.runWorker:1145
09-15 12:36:16.846 D [ws] reconnect #58 in 30000ms
09-15 12:36:20.846 W [http] GET /api/status -> 404 · 404: Not Found
09-15 12:36:21.847 W [http] GET /api/cron/jobs -> 404 · 404: Not Found
09-15 12:36:21.848 W [http] GET /api/status -> 404 · 404: Not Found
09-15 12:36:37.852 W [http] GET /api/status -> 404 · 404: Not Found
09-15 12:36:38.852 W [http] GET /api/status -> 404 · 404: Not Found
09-15 12:36:38.852 W [http] GET /api/cron/jobs -> 404 · 404: Not Found
09-15 12:36:46.954 E [ws] failed http=404 — ProtocolException: Expected HTTP 101 response but was '404 Not Found' · RealWebSocket.checkUpgradeSuccess$okhttp:224 ← RealWebSocket$connect$1.onResponse:170 ← RealCall$AsyncCall.run:519 ← ThreadPoolExecutor.runWorker:1145
09-15 12:36:46.956 D [ws] reconnect #59 in 30000ms
09-15 12:36:54.461 W [http] GET /api/status -> 404 · 404: Not Found
09-15 12:36:55.025 W [http] GET /api/cron/jobs -> 404 · 404: Not Found
09-15 12:36:55.031 W [http] GET /api/status -> 404 · 404: Not Found
09-15 12:37:10.747 W [http] GET /api/status -> 404 · 404: Not Found
09-15 12:37:11.748 W [http] GET /api/cron/jobs -> 404 · 404: Not Found
09-15 12:37:11.749 W [http] GET /api/status -> 404 · 404: Not Found
09-15 12:37:17.002 E [ws] failed http=404 — ProtocolException: Expected HTTP 101 response but was '404 Not Found' · RealWebSocket.checkUpgradeSuccess$okhttp:224 ← RealWebSocket$connect$1.onResponse:170 ← RealCall$AsyncCall.run:519 ← ThreadPoolExecutor.runWorker:1145
09-15 12:37:17.004 D [ws] reconnect #60 in 30000ms
09-15 12:37:27.700 W [http] GET /api/status -> 404 · 404: Not Found
09-15 12:37:28.701 W [http] GET /api/status -> 404 · 404: Not Found
09-15 12:37:28.704 W [http] GET /api/cron/jobs -> 404 · 404: Not Found
09-15 12:37:44.543 W [http] GET /api/status -> 404 · 404: Not Found
09-15 12:37:45.546 W [http] GET /api/status -> 404 · 404: Not Found
09-15 12:37:45.546 W [http] GET /api/cron/jobs -> 404 · 404: Not Found
09-15 12:37:47.016 E [ws] failed http=404 — ProtocolException: Expected HTTP 101 response but was '404 Not Found' · RealWebSocket.checkUpgradeSuccess$okhttp:224 ← RealWebSocket$connect$1.onResponse:170 ← RealCall$AsyncCall.run:519 ← ThreadPoolExecutor.runWorker:1145
09-15 12:37:47.018 D [ws] reconnect #61 in 30000ms
09-15 12:38:01.538 W [http] GET /api/status -> 404 · 404: Not Found
09-15 12:38:02.236 W [http] GET /api/status -> 404 · 404: Not Found
09-15 12:38:02.236 W [http] GET /api/cron/jobs -> 404 · 404: Not Found
09-15 12:38:17.044 E [ws] failed http=404 — ProtocolException: Expected HTTP 101 response but was '404 Not Found' · RealWebSocket.checkUpgradeSuccess$okhttp:224 ← RealWebSocket$connect$1.onResponse:170 ← RealCall$AsyncCall.run:519 ← ThreadPoolExecutor.runWorker:1145
09-15 12:38:17.048 D [ws] reconnect #62 in 30000ms
09-15 12:38:18.043 W [http] GET /api/status -> 404 · 404: Not Found
09-15 12:38:18.561 W [http] GET /api/cron/jobs -> 404 · 404: Not Found
09-15 12:38:18.568 W [http] GET /api/status -> 404 · 404: Not Found
09-15 12:38:34.135 W [http] GET /api/status -> 404 · 404: Not Found
09-15 12:38:34.745 W [http] GET /api/status -> 404 · 404: Not Found
09-15 12:38:34.745 W [http] GET /api/cron/jobs -> 404 · 404: Not Found
09-15 12:38:47.219 E [ws] failed http=404 — ProtocolException: Expected HTTP 101 response but was '404 Not Found' · RealWebSocket.checkUpgradeSuccess$okhttp:224 ← RealWebSocket$connect$1.onResponse:170 ← RealCall$AsyncCall.run:519 ← ThreadPoolExecutor.runWorker:1145
09-15 12:38:47.222 D [ws] reconnect #63 in 30000ms
09-15 12:38:50.727 W [http] GET /api/status -> 404 · 404: Not Found
09-15 12:38:51.571 W [http] GET /api/cron/jobs -> 404 · 404: Not Found
09-15 12:38:51.571 W [http] GET /api/status -> 404 · 404: Not Found
09-15 12:39:07.581 W [http] GET /api/status -> 404 · 404: Not Found
09-15 12:39:08.218 W [http] GET /api/status -> 404 · 404: Not Found
09-15 12:39:08.218 W [http] GET /api/cron/jobs -> 404 · 404: Not Found
09-15 12:39:17.267 E [ws] failed http=404 — ProtocolException: Expected HTTP 101 response but was '404 Not Found' · RealWebSocket.checkUpgradeSuccess$okhttp:224 ← RealWebSocket$connect$1.onResponse:170 ← RealCall$AsyncCall.run:519 ← ThreadPoolExecutor.runWorker:1145
09-15 12:39:17.271 D [ws] reconnect #64 in 30000ms
09-15 12:39:24.277 W [http] GET /api/status -> 404 · 404: Not Found
09-15 12:39:25.200 W [http] GET /api/status -> 404 · 404: Not Found
09-15 12:39:25.200 W [http] GET /api/cron/jobs -> 404 · 404: Not Found
09-15 12:39:40.865 W [http] GET /api/status -> 404 · 404: Not Found
09-15 12:39:41.840 W [http] GET /api/status -> 404 · 404: Not Found
09-15 12:39:41.840 W [http] GET /api/cron/jobs -> 404 · 404: Not Found
09-15 12:39:47.411 E [ws] failed http=404 — ProtocolException: Expected HTTP 101 response but was '404 Not Found' · RealWebSocket.checkUpgradeSuccess$okhttp:224 ← RealWebSocket$connect$1.onResponse:170 ← RealCall$AsyncCall.run:519 ← ThreadPoolExecutor.runWorker:1145
09-15 12:39:47.414 D [ws] reconnect #65 in 30000ms
09-15 12:39:57.928 W [http] GET /api/status -> 404 · 404: Not Found
09-15 12:39:58.610 W [http] GET /api/cron/jobs -> 404 · 404: Not Found
09-15 12:39:58.611 W [http] GET /api/status -> 404 · 404: Not Found
09-15 12:40:14.207 W [http] GET /api/status -> 404 · 404: Not Found
09-15 12:40:14.713 W [http] GET /api/cron/jobs -> 404 · 404: Not Found
09-15 12:40:14.714 W [http] GET /api/status -> 404 · 404: Not Found
09-15 12:40:17.576 E [ws] failed http=404 — ProtocolException: Expected HTTP 101 response but was '404 Not Found' · RealWebSocket.checkUpgradeSuccess$okhttp:224 ← RealWebSocket$connect$1.onResponse:170 ← RealCall$AsyncCall.run:519 ← ThreadPoolExecutor.runWorker:1145
09-15 12:40:17.577 D [ws] reconnect #66 in 30000ms
09-15 12:40:30.593 W [http] GET /api/status -> 404 · 404: Not Found
09-15 12:40:31.222 W [http] GET /api/status -> 404 · 404: Not Found
09-15 12:40:31.223 W [http] GET /api/cron/jobs -> 404 · 404: Not Found
09-15 12:40:47.200 W [http] GET /api/status -> 404 · 404: Not Found
09-15 12:40:47.686 E [ws] failed http=404 — ProtocolException: Expected HTTP 101 response but was '404 Not Found' · RealWebSocket.checkUpgradeSuccess$okhttp:224 ← RealWebSocket$connect$1.onResponse:170 ← RealCall$AsyncCall.run:519 ← ThreadPoolExecutor.runWorker:1145
09-15 12:40:47.688 D [ws] reconnect #67 in 30000ms
09-15 12:40:47.788 W [http] GET /api/cron/jobs -> 404 · 404: Not Found
09-15 12:40:47.788 W [http] GET /api/status -> 404 · 404: Not Found
09-15 12:41:03.675 W [http] GET /api/status -> 404 · 404: Not Found
09-15 12:41:04.614 W [http] GET /api/cron/jobs -> 404 · 404: Not Found
09-15 12:41:04.613 W [http] GET /api/status -> 404 · 404: Not Found
09-15 12:41:17.805 E [ws] failed http=404 — ProtocolException: Expected HTTP 101 response but was '404 Not Found' · RealWebSocket.checkUpgradeSuccess$okhttp:224 ← RealWebSocket$connect$1.onResponse:170 ← RealCall$AsyncCall.run:519 ← ThreadPoolExecutor.runWorker:1145
09-15 12:41:17.806 D [ws] reconnect #68 in 30000ms
09-15 12:41:20.306 W [http] GET /api/status -> 404 · 404: Not Found
09-15 12:41:20.897 W [http] GET /api/cron/jobs -> 404 · 404: Not Found
09-15 12:41:20.897 W [http] GET /api/status -> 404 · 404: Not Found
09-15 12:41:36.691 W [http] GET /api/status -> 404 · 404: Not Found
09-15 12:41:37.693 W [http] GET /api/cron/jobs -> 404 · 404: Not Found
09-15 12:41:37.693 W [http] GET /api/status -> 404 · 404: Not Found
09-15 12:41:47.848 E [ws] failed http=404 — ProtocolException: Expected HTTP 101 response but was '404 Not Found' · RealWebSocket.checkUpgradeSuccess$okhttp:224 ← RealWebSocket$connect$1.onResponse:170 ← RealCall$AsyncCall.run:519 ← ThreadPoolExecutor.runWorker:1145
09-15 12:41:47.851 D [ws] reconnect #69 in 30000ms
09-15 12:41:53.354 W [http] GET /api/status -> 404 · 404: Not Found
09-15 12:41:54.356 W [http] GET /api/cron/jobs -> 404 · 404: Not Found
09-15 12:41:54.356 W [http] GET /api/status -> 404 · 404: Not Found
09-15 12:42:10.202 W [http] GET /api/status -> 404 · 404: Not Found
09-15 12:42:10.813 W [http] GET /api/cron/jobs -> 404 · 404: Not Found
09-15 12:42:10.813 W [http] GET /api/status -> 404 · 404: Not Found
09-15 12:42:17.898 E [ws] failed http=404 — ProtocolException: Expected HTTP 101 response but was '404 Not Found' · RealWebSocket.checkUpgradeSuccess$okhttp:224 ← RealWebSocket$connect$1.onResponse:170 ← RealCall$AsyncCall.run:519 ← ThreadPoolExecutor.runWorker:1145
09-15 12:42:17.900 D [ws] reconnect #70 in 30000ms
09-15 12:42:26.409 W [http] GET /api/status -> 404 · 404: Not Found
09-15 12:42:27.410 W [http] GET /api/cron/jobs -> 404 · 404: Not Found
09-15 12:42:27.410 W [http] GET /api/status -> 404 · 404: Not Found
09-15 12:42:43.289 W [http] GET /api/status -> 404 · 404: Not Found
09-15 12:42:44.291 W [http] GET /api/status -> 404 · 404: Not Found
09-15 12:42:44.291 W [http] GET /api/cron/jobs -> 404 · 404: Not Found
09-15 12:42:47.934 E [ws] failed http=404 — ProtocolException: Expected HTTP 101 response but was '404 Not Found' · RealWebSocket.checkUpgradeSuccess$okhttp:224 ← RealWebSocket$connect$1.onResponse:170 ← RealCall$AsyncCall.run:519 ← ThreadPoolExecutor.runWorker:1145
09-15 12:42:47.936 D [ws] reconnect #71 in 30000ms
09-15 12:43:00.209 W [http] GET /api/status -> 404 · 404: Not Found
09-15 12:43:01.210 W [http] GET /api/status -> 404 · 404: Not Found
09-15 12:43:01.210 W [http] GET /api/cron/jobs -> 404 · 404: Not Found
09-15 12:43:17.287 W [http] GET /api/status -> 404 · 404: Not Found
09-15 12:43:17.958 E [ws] failed http=404 — ProtocolException: Expected HTTP 101 response but was '404 Not Found' · RealWebSocket.checkUpgradeSuccess$okhttp:224 ← RealWebSocket$connect$1.onResponse:170 ← RealCall$AsyncCall.run:519 ← ThreadPoolExecutor.runWorker:1145
09-15 12:43:17.958 W [http] GET /api/cron/jobs -> 404 · 404: Not Found
09-15 12:43:17.958 W [http] GET /api/status -> 404 · 404: Not Found
09-15 12:43:17.961 D [ws] reconnect #72 in 30000ms
09-15 12:43:33.713 W [http] GET /api/status -> 404 · 404: Not Found
09-15 12:43:34.297 W [http] GET /api/cron/jobs -> 404 · 404: Not Found
09-15 12:43:34.300 W [http] GET /api/status -> 404 · 404: Not Found
09-15 12:43:47.997 E [ws] failed http=404 — ProtocolException: Expected HTTP 101 response but was '404 Not Found' · RealWebSocket.checkUpgradeSuccess$okhttp:224 ← RealWebSocket$connect$1.onResponse:170 ← RealCall$AsyncCall.run:519 ← ThreadPoolExecutor.runWorker:1145
09-15 12:43:47.998 D [ws] reconnect #73 in 30000ms
09-15 12:43:49.997 W [http] GET /api/status -> 404 · 404: Not Found
09-15 12:43:50.731 W [http] GET /api/cron/jobs -> 404 · 404: Not Found
09-15 12:43:50.731 W [http] GET /api/status -> 404 · 404: Not Found
09-15 12:44:06.207 W [http] GET /api/status -> 404 · 404: Not Found
09-15 12:44:07.207 W [http] GET /api/status -> 404 · 404: Not Found
09-15 12:44:07.207 W [http] GET /api/cron/jobs -> 404 · 404: Not Found
09-15 12:44:18.111 E [ws] failed http=404 — ProtocolException: Expected HTTP 101 response but was '404 Not Found' · RealWebSocket.checkUpgradeSuccess$okhttp:224 ← RealWebSocket$connect$1.onResponse:170 ← RealCall$AsyncCall.run:519 ← ThreadPoolExecutor.runWorker:1145
09-15 12:44:18.115 D [ws] reconnect #74 in 30000ms
09-15 12:44:23.119 W [http] GET /api/status -> 404 · 404: Not Found
09-15 12:44:24.138 W [http] GET /api/status -> 404 · 404: Not Found
09-15 12:44:24.138 W [http] GET /api/cron/jobs -> 404 · 404: Not Found
09-15 12:44:39.745 W [http] GET /api/status -> 404 · 404: Not Found
09-15 12:44:40.747 W [http] GET /api/cron/jobs -> 404 · 404: Not Found
09-15 12:44:40.747 W [http] GET /api/status -> 404 · 404: Not Found
09-15 12:44:48.155 E [ws] failed http=404 — ProtocolException: Expected HTTP 101 response but was '404 Not Found' · RealWebSocket.checkUpgradeSuccess$okhttp:224 ← RealWebSocket$connect$1.onResponse:170 ← RealCall$AsyncCall.run:519 ← ThreadPoolExecutor.runWorker:1145
09-15 12:44:48.158 D [ws] reconnect #75 in 30000ms
09-15 12:44:56.322 W [http] GET /api/status -> 404 · 404: Not Found
09-15 12:44:57.323 W [http] GET /api/status -> 404 · 404: Not Found
09-15 12:44:57.323 W [http] GET /api/cron/jobs -> 404 · 404: Not Found
09-15 12:45:13.273 W [http] GET /api/status -> 404 · 404: Not Found
09-15 12:45:14.247 W [http] GET /api/cron/jobs -> 404 · 404: Not Found
09-15 12:45:14.251 W [http] GET /api/status -> 404 · 404: Not Found
09-15 12:45:18.303 E [ws] failed http=404 — ProtocolException: Expected HTTP 101 response but was '404 Not Found' · RealWebSocket.checkUpgradeSuccess$okhttp:224 ← RealWebSocket$connect$1.onResponse:170 ← RealCall$AsyncCall.run:519 ← ThreadPoolExecutor.runWorker:1145
09-15 12:45:18.305 D [ws] reconnect #76 in 30000ms
09-15 12:45:30.200 W [http] GET /api/status -> 404 · 404: Not Found
09-15 12:45:31.156 W [http] GET /api/status -> 404 · 404: Not Found
09-15 12:45:31.156 W [http] GET /api/cron/jobs -> 404 · 404: Not Found
09-15 12:45:46.827 W [http] GET /api/status -> 404 · 404: Not Found
09-15 12:45:47.735 W [http] GET /api/cron/jobs -> 404 · 404: Not Found
09-15 12:45:47.736 W [http] GET /api/status -> 404 · 404: Not Found
09-15 12:45:48.318 E [ws] failed http=404 — ProtocolException: Expected HTTP 101 response but was '404 Not Found' · RealWebSocket.checkUpgradeSuccess$okhttp:224 ← RealWebSocket$connect$1.onResponse:170 ← RealCall$AsyncCall.run:519 ← ThreadPoolExecutor.runWorker:1145
09-15 12:45:48.319 D [ws] reconnect #77 in 30000ms
09-15 12:46:03.333 W [http] GET /api/status -> 404 · 404: Not Found
09-15 12:46:04.280 W [http] GET /api/status -> 404 · 404: Not Found
09-15 12:46:04.280 W [http] GET /api/cron/jobs -> 404 · 404: Not Found
09-15 12:46:18.385 E [ws] failed http=404 — ProtocolException: Expected HTTP 101 response but was '404 Not Found' · RealWebSocket.checkUpgradeSuccess$okhttp:224 ← RealWebSocket$connect$1.onResponse:170 ← RealCall$AsyncCall.run:519 ← ThreadPoolExecutor.runWorker:1145
09-15 12:46:18.388 D [ws] reconnect #78 in 30000ms
09-15 12:46:20.361 W [http] GET /api/status -> 404 · 404: Not Found
09-15 12:46:20.922 W [http] GET /api/status -> 404 · 404: Not Found
09-15 12:46:20.923 W [http] GET /api/cron/jobs -> 404 · 404: Not Found
09-15 12:46:36.748 W [http] GET /api/status -> 404 · 404: Not Found
09-15 12:46:37.706 W [http] GET /api/status -> 404 · 404: Not Found
09-15 12:46:37.707 W [http] GET /api/cron/jobs -> 404 · 404: Not Found
09-15 12:46:48.522 E [ws] failed http=404 — ProtocolException: Expected HTTP 101 response but was '404 Not Found' · RealWebSocket.checkUpgradeSuccess$okhttp:224 ← RealWebSocket$connect$1.onResponse:170 ← RealCall$AsyncCall.run:519 ← ThreadPoolExecutor.runWorker:1145
09-15 12:46:48.526 D [ws] reconnect #79 in 30000ms
09-15 12:46:53.371 W [http] GET /api/status -> 404 · 404: Not Found
09-15 12:46:54.373 W [http] GET /api/cron/jobs -> 404 · 404: Not Found
09-15 12:46:54.374 W [http] GET /api/status -> 404 · 404: Not Found
09-15 12:47:10.257 W [http] GET /api/status -> 404 · 404: Not Found
09-15 12:47:10.882 W [http] GET /api/status -> 404 · 404: Not Found
09-15 12:47:10.882 W [http] GET /api/cron/jobs -> 404 · 404: Not Found
09-15 12:47:18.675 E [ws] failed http=404 — ProtocolException: Expected HTTP 101 response but was '404 Not Found' · RealWebSocket.checkUpgradeSuccess$okhttp:224 ← RealWebSocket$connect$1.onResponse:170 ← RealCall$AsyncCall.run:519 ← ThreadPoolExecutor.runWorker:1145
09-15 12:47:18.677 D [ws] reconnect #80 in 30000ms
09-15 12:47:26.197 W [http] GET /api/status -> 404 · 404: Not Found
09-15 12:47:26.964 W [http] GET /api/status -> 404 · 404: Not Found
09-15 12:47:26.964 W [http] GET /api/cron/jobs -> 404 · 404: Not Found
09-15 12:47:42.893 W [http] GET /api/status -> 404 · 404: Not Found
09-15 12:47:43.830 W [http] GET /api/status -> 404 · 404: Not Found
09-15 12:47:43.830 W [http] GET /api/cron/jobs -> 404 · 404: Not Found
09-15 12:47:48.701 E [ws] failed http=404 — ProtocolException: Expected HTTP 101 response but was '404 Not Found' · RealWebSocket.checkUpgradeSuccess$okhttp:224 ← RealWebSocket$connect$1.onResponse:170 ← RealCall$AsyncCall.run:519 ← ThreadPoolExecutor.runWorker:1145
09-15 12:47:48.704 D [ws] reconnect #81 in 30000ms
09-15 12:47:59.710 W [http] GET /api/status -> 404 · 404: Not Found
09-15 12:48:00.224 W [http] GET /api/cron/jobs -> 404 · 404: Not Found
09-15 12:48:00.224 W [http] GET /api/status -> 404 · 404: Not Found
09-15 12:48:15.892 W [http] GET /api/status -> 404 · 404: Not Found
09-15 12:48:16.893 W [http] GET /api/status -> 404 · 404: Not Found
09-15 12:48:16.895 W [http] GET /api/cron/jobs -> 404 · 404: Not Found
09-15 12:48:18.732 E [ws] failed http=404 — ProtocolException: Expected HTTP 101 response but was '404 Not Found' · RealWebSocket.checkUpgradeSuccess$okhttp:224 ← RealWebSocket$connect$1.onResponse:170 ← RealCall$AsyncCall.run:519 ← ThreadPoolExecutor.runWorker:1145
09-15 12:48:18.733 D [ws] reconnect #82 in 30000ms
09-15 12:48:32.758 W [http] GET /api/status -> 404 · 404: Not Found
09-15 12:48:33.744 W [http] GET /api/cron/jobs -> 404 · 404: Not Found
09-15 12:48:33.744 W [http] GET /api/status -> 404 · 404: Not Found
09-15 12:48:48.780 E [ws] failed http=404 — ProtocolException: Expected HTTP 101 response but was '404 Not Found' · RealWebSocket.checkUpgradeSuccess$okhttp:224 ← RealWebSocket$connect$1.onResponse:170 ← RealCall$AsyncCall.run:519 ← ThreadPoolExecutor.runWorker:1145
09-15 12:48:48.782 D [ws] reconnect #83 in 30000ms
09-15 12:48:49.282 W [http] GET /api/status -> 404 · 404: Not Found
09-15 12:48:50.030 W [http] GET /api/cron/jobs -> 404 · 404: Not Found
09-15 12:48:50.030 W [http] GET /api/status -> 404 · 404: Not Found
09-15 12:49:06.077 W [http] GET /api/status -> 404 · 404: Not Found
09-15 12:49:06.724 W [http] GET /api/status -> 404 · 404: Not Found
09-15 12:49:06.725 W [http] GET /api/cron/jobs -> 404 · 404: Not Found
09-15 12:49:18.848 E [ws] failed http=404 — ProtocolException: Expected HTTP 101 response but was '404 Not Found' · RealWebSocket.checkUpgradeSuccess$okhttp:224 ← RealWebSocket$connect$1.onResponse:170 ← RealCall$AsyncCall.run:519 ← ThreadPoolExecutor.runWorker:1145
09-15 12:49:18.851 D [ws] reconnect #84 in 30000ms
09-15 12:49:22.355 W [http] GET /api/status -> 404 · 404: Not Found
09-15 12:49:23.175 W [http] GET /api/status -> 404 · 404: Not Found
09-15 12:49:23.175 W [http] GET /api/cron/jobs -> 404 · 404: Not Found
09-15 12:49:38.810 W [http] GET /api/status -> 404 · 404: Not Found
09-15 12:49:39.754 W [http] GET /api/status -> 404 · 404: Not Found
09-15 12:49:39.754 W [http] GET /api/cron/jobs -> 404 · 404: Not Found
09-15 12:49:48.910 E [ws] failed http=404 — ProtocolException: Expected HTTP 101 response but was '404 Not Found' · RealWebSocket.checkUpgradeSuccess$okhttp:224 ← RealWebSocket$connect$1.onResponse:170 ← RealCall$AsyncCall.run:519 ← ThreadPoolExecutor.runWorker:1145
09-15 12:49:48.913 D [ws] reconnect #85 in 30000ms
09-15 12:49:55.421 W [http] GET /api/status -> 404 · 404: Not Found
09-15 12:49:56.330 W [http] GET /api/status -> 404 · 404: Not Found
09-15 12:49:56.330 W [http] GET /api/cron/jobs -> 404 · 404: Not Found
09-15 12:50:11.867 W [http] GET /api/status -> 404 · 404: Not Found
09-15 12:50:12.869 W [http] GET /api/cron/jobs -> 404 · 404: Not Found
09-15 12:50:12.870 W [http] GET /api/status -> 404 · 404: Not Found
09-15 12:50:15.511 E [bridge] failed http=- — SocketTimeoutException: sent ping but didn't receive pong within 40000ms (after 62 successful ping/pongs) · RealWebSocket.writePingFrame$okhttp:563 ← RealWebSocket$initReaderAndWriter$lambda$3$$inlined$schedule$1.runOnce:219 ← TaskRunner.runTask:116 ← TaskRunner.access$runTask:42
09-15 12:50:15.513 D [bridge] reconnect #1 in 4000ms
09-15 12:50:18.946 E [ws] failed http=404 — ProtocolException: Expected HTTP 101 response but was '404 Not Found' · RealWebSocket.checkUpgradeSuccess$okhttp:224 ← RealWebSocket$connect$1.onResponse:170 ← RealCall$AsyncCall.run:519 ← ThreadPoolExecutor.runWorker:1145
09-15 12:50:18.948 D [ws] reconnect #86 in 30000ms
09-15 12:50:19.526 I [bridge] connecting to ws://10.0.2.2:9180/phone?token=***
09-15 12:50:20.451 I [bridge] connected, advertising 27 tools
09-15 12:50:28.960 W [http] GET /api/status -> 404 · 404: Not Found
09-15 12:50:29.963 W [http] GET /api/status -> 404 · 404: Not Found
09-15 12:50:29.963 W [http] GET /api/cron/jobs -> 404 · 404: Not Found
09-15 12:50:45.718 W [http] GET /api/status -> 404 · 404: Not Found
09-15 12:50:46.732 W [http] GET /api/status -> 404 · 404: Not Found
09-15 12:50:46.732 W [http] GET /api/cron/jobs -> 404 · 404: Not Found
09-15 12:50:49.135 E [ws] failed http=404 — ProtocolException: Expected HTTP 101 response but was '404 Not Found' · RealWebSocket.checkUpgradeSuccess$okhttp:224 ← RealWebSocket$connect$1.onResponse:170 ← RealCall$AsyncCall.run:519 ← ThreadPoolExecutor.runWorker:1145
09-15 12:50:49.136 D [ws] reconnect #87 in 30000ms
09-15 12:51:02.493 W [http] GET /api/status -> 404 · 404: Not Found
09-15 12:51:03.348 W [http] GET /api/cron/jobs -> 404 · 404: Not Found
09-15 12:51:03.349 W [http] GET /api/status -> 404 · 404: Not Found
09-15 12:51:18.979 W [http] GET /api/status -> 404 · 404: Not Found
09-15 12:51:19.216 E [ws] failed http=404 — ProtocolException: Expected HTTP 101 response but was '404 Not Found' · RealWebSocket.checkUpgradeSuccess$okhttp:224 ← RealWebSocket$connect$1.onResponse:170 ← RealCall$AsyncCall.run:519 ← ThreadPoolExecutor.runWorker:1145
09-15 12:51:19.219 D [ws] reconnect #88 in 30000ms
09-15 12:51:19.718 W [http] GET /api/status -> 404 · 404: Not Found
09-15 12:51:19.718 W [http] GET /api/cron/jobs -> 404 · 404: Not Found
09-15 12:51:35.489 W [http] GET /api/status -> 404 · 404: Not Found
09-15 12:51:36.525 W [http] GET /api/status -> 404 · 404: Not Found
09-15 12:51:36.525 W [http] GET /api/cron/jobs -> 404 · 404: Not Found
09-15 12:51:49.531 E [ws] failed http=404 — ProtocolException: Expected HTTP 101 response but was '404 Not Found' · RealWebSocket.checkUpgradeSuccess$okhttp:224 ← RealWebSocket$connect$1.onResponse:170 ← RealCall$AsyncCall.run:519 ← ThreadPoolExecutor.runWorker:1145
09-15 12:51:49.533 D [ws] reconnect #89 in 30000ms
09-15 12:51:52.531 W [http] GET /api/status -> 404 · 404: Not Found
09-15 12:51:53.423 W [http] GET /api/cron/jobs -> 404 · 404: Not Found
09-15 12:51:53.423 W [http] GET /api/status -> 404 · 404: Not Found
09-15 12:52:09.408 W [http] GET /api/status -> 404 · 404: Not Found
09-15 12:52:10.290 W [http] GET /api/cron/jobs -> 404 · 404: Not Found
09-15 12:52:10.292 W [http] GET /api/status -> 404 · 404: Not Found
09-15 12:52:19.600 E [ws] failed http=404 — ProtocolException: Expected HTTP 101 response but was '404 Not Found' · RealWebSocket.checkUpgradeSuccess$okhttp:224 ← RealWebSocket$connect$1.onResponse:170 ← RealCall$AsyncCall.run:519 ← ThreadPoolExecutor.runWorker:1145
09-15 12:52:19.602 D [ws] reconnect #90 in 30000ms
09-15 12:52:20.544 E [bridge] failed http=- — SocketTimeoutException: sent ping but didn't receive pong within 40000ms (after 1 successful ping/pongs) · RealWebSocket.writePingFrame$okhttp:563 ← RealWebSocket$initReaderAndWriter$lambda$3$$inlined$schedule$1.runOnce:219 ← TaskRunner.runTask:116 ← TaskRunner.access$runTask:42
09-15 12:52:20.546 D [bridge] reconnect #1 in 4000ms
09-15 12:52:24.610 I [bridge] connecting to ws://10.0.2.2:9180/phone?token=***
09-15 12:52:25.611 I [bridge] connected, advertising 27 tools
09-15 12:52:26.111 W [http] GET /api/status -> 404 · 404: Not Found
09-15 12:52:26.708 W [http] GET /api/status -> 404 · 404: Not Found
09-15 12:52:26.708 W [http] GET /api/cron/jobs -> 404 · 404: Not Found
09-15 12:52:42.571 W [http] GET /api/status -> 404 · 404: Not Found
09-15 12:52:43.427 W [http] GET /api/status -> 404 · 404: Not Found
09-15 12:52:43.427 W [http] GET /api/cron/jobs -> 404 · 404: Not Found
09-15 12:52:49.633 E [ws] failed http=404 — ProtocolException: Expected HTTP 101 response but was '404 Not Found' · RealWebSocket.checkUpgradeSuccess$okhttp:224 ← RealWebSocket$connect$1.onResponse:170 ← RealCall$AsyncCall.run:519 ← ThreadPoolExecutor.runWorker:1145
09-15 12:52:49.635 D [ws] reconnect #91 in 30000ms
09-15 12:52:59.205 W [http] GET /api/status -> 404 · 404: Not Found
09-15 12:52:59.775 W [http] GET /api/cron/jobs -> 404 · 404: Not Found
09-15 12:52:59.776 W [http] GET /api/status -> 404 · 404: Not Found
09-15 12:53:15.655 W [http] GET /api/status -> 404 · 404: Not Found
09-15 12:53:16.447 W [http] GET /api/status -> 404 · 404: Not Found
09-15 12:53:16.447 W [http] GET /api/cron/jobs -> 404 · 404: Not Found
09-15 12:53:19.760 E [ws] failed http=404 — ProtocolException: Expected HTTP 101 response but was '404 Not Found' · RealWebSocket.checkUpgradeSuccess$okhttp:224 ← RealWebSocket$connect$1.onResponse:170 ← RealCall$AsyncCall.run:519 ← ThreadPoolExecutor.runWorker:1145
09-15 12:53:19.762 D [ws] reconnect #92 in 30000ms
09-15 12:53:32.283 W [http] GET /api/status -> 404 · 404: Not Found
09-15 12:53:32.789 W [http] GET /api/cron/jobs -> 404 · 404: Not Found
09-15 12:53:32.789 W [http] GET /api/status -> 404 · 404: Not Found
09-15 12:53:48.770 W [http] GET /api/status -> 404 · 404: Not Found
09-15 12:53:49.373 W [http] GET /api/cron/jobs -> 404 · 404: Not Found
09-15 12:53:49.373 W [http] GET /api/status -> 404 · 404: Not Found
09-15 12:53:49.783 E [ws] failed http=404 — ProtocolException: Expected HTTP 101 response but was '404 Not Found' · RealWebSocket.checkUpgradeSuccess$okhttp:224 ← RealWebSocket$connect$1.onResponse:170 ← RealCall$AsyncCall.run:519 ← ThreadPoolExecutor.runWorker:1145
09-15 12:53:49.786 D [ws] reconnect #93 in 30000ms
09-15 12:54:05.073 W [http] GET /api/status -> 404 · 404: Not Found
09-15 12:54:06.070 W [http] GET /api/cron/jobs -> 404 · 404: Not Found
09-15 12:54:06.070 W [http] GET /api/status -> 404 · 404: Not Found
09-15 12:54:19.850 E [ws] failed http=404 — ProtocolException: Expected HTTP 101 response but was '404 Not Found' · RealWebSocket.checkUpgradeSuccess$okhttp:224 ← RealWebSocket$connect$1.onResponse:170 ← RealCall$AsyncCall.run:519 ← ThreadPoolExecutor.runWorker:1145
09-15 12:54:19.858 D [ws] reconnect #94 in 30000ms
09-15 12:54:21.848 W [http] GET /api/status -> 404 · 404: Not Found
09-15 12:54:22.396 W [http] GET /api/cron/jobs -> 404 · 404: Not Found
09-15 12:54:22.397 W [http] GET /api/status -> 404 · 404: Not Found
09-15 12:54:38.222 W [http] GET /api/status -> 404 · 404: Not Found
09-15 12:54:38.937 W [http] GET /api/status -> 404 · 404: Not Found
09-15 12:54:38.937 W [http] GET /api/cron/jobs -> 404 · 404: Not Found
09-15 12:54:50.006 E [ws] failed http=404 — ProtocolException: Expected HTTP 101 response but was '404 Not Found' · RealWebSocket.checkUpgradeSuccess$okhttp:224 ← RealWebSocket$connect$1.onResponse:170 ← RealCall$AsyncCall.run:519 ← ThreadPoolExecutor.runWorker:1145
09-15 12:54:50.007 D [ws] reconnect #95 in 30000ms
09-15 12:54:54.510 W [http] GET /api/status -> 404 · 404: Not Found
09-15 12:54:55.509 W [http] GET /api/status -> 404 · 404: Not Found
09-15 12:54:55.509 W [http] GET /api/cron/jobs -> 404 · 404: Not Found
09-15 12:55:05.916 E [bridge] failed http=- — SocketTimeoutException: sent ping but didn't receive pong within 40000ms (after 2 successful ping/pongs) · RealWebSocket.writePingFrame$okhttp:563 ← RealWebSocket$initReaderAndWriter$lambda$3$$inlined$schedule$1.runOnce:219 ← TaskRunner.runTask:116 ← TaskRunner.access$runTask:42
09-15 12:55:05.922 D [bridge] reconnect #1 in 4000ms
09-15 12:55:09.992 I [bridge] connecting to ws://10.0.2.2:9180/phone?token=***
09-15 12:55:10.849 I [bridge] connected, advertising 27 tools
09-15 12:55:11.348 W [http] GET /api/status -> 404 · 404: Not Found
09-15 12:55:11.911 W [http] GET /api/status -> 404 · 404: Not Found
09-15 12:55:11.912 W [http] GET /api/cron/jobs -> 404 · 404: Not Found
09-15 12:55:20.057 E [ws] failed http=404 — ProtocolException: Expected HTTP 101 response but was '404 Not Found' · RealWebSocket.checkUpgradeSuccess$okhttp:224 ← RealWebSocket$connect$1.onResponse:170 ← RealCall$AsyncCall.run:519 ← ThreadPoolExecutor.runWorker:1145
09-15 12:55:20.060 D [ws] reconnect #96 in 30000ms
09-15 12:55:27.562 W [http] GET /api/status -> 404 · 404: Not Found
09-15 12:55:28.564 W [http] GET /api/cron/jobs -> 404 · 404: Not Found
09-15 12:55:28.564 W [http] GET /api/status -> 404 · 404: Not Found
09-15 12:55:44.200 W [http] GET /api/status -> 404 · 404: Not Found
09-15 12:55:45.199 W [http] GET /api/cron/jobs -> 404 · 404: Not Found
09-15 12:55:45.201 W [http] GET /api/status -> 404 · 404: Not Found
09-15 12:55:50.132 E [ws] failed http=404 — ProtocolException: Expected HTTP 101 response but was '404 Not Found' · RealWebSocket.checkUpgradeSuccess$okhttp:224 ← RealWebSocket$connect$1.onResponse:170 ← RealCall$AsyncCall.run:519 ← ThreadPoolExecutor.runWorker:1145
09-15 12:55:50.136 D [ws] reconnect #97 in 30000ms
09-15 12:56:00.898 W [http] GET /api/status -> 404 · 404: Not Found
09-15 12:56:01.900 W [http] GET /api/status -> 404 · 404: Not Found
09-15 12:56:01.901 W [http] GET /api/cron/jobs -> 404 · 404: Not Found
09-15 12:56:17.887 W [http] GET /api/status -> 404 · 404: Not Found
09-15 12:56:18.888 W [http] GET /api/status -> 404 · 404: Not Found
09-15 12:56:18.888 W [http] GET /api/cron/jobs -> 404 · 404: Not Found
09-15 12:56:20.252 E [ws] failed http=404 — ProtocolException: Expected HTTP 101 response but was '404 Not Found' · RealWebSocket.checkUpgradeSuccess$okhttp:224 ← RealWebSocket$connect$1.onResponse:170 ← RealCall$AsyncCall.run:519 ← ThreadPoolExecutor.runWorker:1145
09-15 12:56:20.253 D [ws] reconnect #98 in 30000ms
09-15 12:56:34.537 W [http] GET /api/status -> 404 · 404: Not Found
09-15 12:56:35.531 W [http] GET /api/cron/jobs -> 404 · 404: Not Found
09-15 12:56:35.531 W [http] GET /api/status -> 404 · 404: Not Found
09-15 12:56:50.283 E [ws] failed http=404 — ProtocolException: Expected HTTP 101 response but was '404 Not Found' · RealWebSocket.checkUpgradeSuccess$okhttp:224 ← RealWebSocket$connect$1.onResponse:170 ← RealCall$AsyncCall.run:519 ← ThreadPoolExecutor.runWorker:1145
09-15 12:56:50.288 D [ws] reconnect #99 in 30000ms
09-15 12:56:51.282 W [http] GET /api/status -> 404 · 404: Not Found
09-15 12:56:52.281 W [http] GET /api/cron/jobs -> 404 · 404: Not Found
09-15 12:56:52.281 W [http] GET /api/status -> 404 · 404: Not Found
09-15 12:57:07.973 W [http] GET /api/status -> 404 · 404: Not Found
09-15 12:57:08.974 W [http] GET /api/cron/jobs -> 404 · 404: Not Found
09-15 12:57:08.975 W [http] GET /api/status -> 404 · 404: Not Found
09-15 12:57:20.349 E [ws] failed http=404 — ProtocolException: Expected HTTP 101 response but was '404 Not Found' · RealWebSocket.checkUpgradeSuccess$okhttp:224 ← RealWebSocket$connect$1.onResponse:170 ← RealCall$AsyncCall.run:519 ← ThreadPoolExecutor.runWorker:1145
09-15 12:57:20.353 D [ws] reconnect #100 in 30000ms
09-15 12:57:24.857 W [http] GET /api/status -> 404 · 404: Not Found
09-15 12:57:25.860 W [http] GET /api/status -> 404 · 404: Not Found
09-15 12:57:25.860 W [http] GET /api/cron/jobs -> 404 · 404: Not Found
09-15 12:57:41.746 W [http] GET /api/status -> 404 · 404: Not Found
09-15 12:57:42.692 W [http] GET /api/status -> 404 · 404: Not Found
09-15 12:57:42.692 W [http] GET /api/cron/jobs -> 404 · 404: Not Found
09-15 12:57:50.373 E [ws] failed http=404 — ProtocolException: Expected HTTP 101 response but was '404 Not Found' · RealWebSocket.checkUpgradeSuccess$okhttp:224 ← RealWebSocket$connect$1.onResponse:170 ← RealCall$AsyncCall.run:519 ← ThreadPoolExecutor.runWorker:1145
09-15 12:57:50.374 D [ws] reconnect #101 in 30000ms
09-15 12:57:50.938 E [bridge] failed http=- — SocketTimeoutException: sent ping but didn't receive pong within 40000ms (after 2 successful ping/pongs) · RealWebSocket.writePingFrame$okhttp:563 ← RealWebSocket$initReaderAndWriter$lambda$3$$inlined$schedule$1.runOnce:219 ← TaskRunner.runTask:116 ← TaskRunner.access$runTask:42
09-15 12:57:50.941 D [bridge] reconnect #1 in 4000ms
09-15 12:57:55.092 I [bridge] connecting to ws://10.0.2.2:9180/phone?token=***
09-15 12:57:55.886 I [bridge] connected, advertising 27 tools
09-15 12:57:58.388 W [http] GET /api/status -> 404 · 404: Not Found
09-15 12:57:59.332 W [http] GET /api/status -> 404 · 404: Not Found
09-15 12:57:59.332 W [http] GET /api/cron/jobs -> 404 · 404: Not Found
09-15 12:58:15.353 W [http] GET /api/status -> 404 · 404: Not Found
09-15 12:58:16.225 W [http] GET /api/cron/jobs -> 404 · 404: Not Found
09-15 12:58:16.227 W [http] GET /api/status -> 404 · 404: Not Found
09-15 12:58:20.479 E [ws] failed http=404 — ProtocolException: Expected HTTP 101 response but was '404 Not Found' · RealWebSocket.checkUpgradeSuccess$okhttp:224 ← RealWebSocket$connect$1.onResponse:170 ← RealCall$AsyncCall.run:519 ← ThreadPoolExecutor.runWorker:1145
09-15 12:58:20.483 D [ws] reconnect #102 in 30000ms
09-15 12:58:32.208 W [http] GET /api/status -> 404 · 404: Not Found
09-15 12:58:32.799 W [http] GET /api/cron/jobs -> 404 · 404: Not Found
09-15 12:58:32.800 W [http] GET /api/status -> 404 · 404: Not Found
09-15 12:58:48.429 W [http] GET /api/status -> 404 · 404: Not Found
09-15 12:58:49.292 W [http] GET /api/cron/jobs -> 404 · 404: Not Found
09-15 12:58:49.292 W [http] GET /api/status -> 404 · 404: Not Found
09-15 12:58:50.597 E [ws] failed http=404 — ProtocolException: Expected HTTP 101 response but was '404 Not Found' · RealWebSocket.checkUpgradeSuccess$okhttp:224 ← RealWebSocket$connect$1.onResponse:170 ← RealCall$AsyncCall.run:519 ← ThreadPoolExecutor.runWorker:1145
09-15 12:58:50.599 D [ws] reconnect #103 in 30000ms
09-15 12:59:05.086 W [http] GET /api/status -> 404 · 404: Not Found
09-15 12:59:06.088 W [http] GET /api/cron/jobs -> 404 · 404: Not Found
09-15 12:59:06.088 W [http] GET /api/status -> 404 · 404: Not Found
09-15 12:59:20.668 E [ws] failed http=404 — ProtocolException: Expected HTTP 101 response but was '404 Not Found' · RealWebSocket.checkUpgradeSuccess$okhttp:224 ← RealWebSocket$connect$1.onResponse:170 ← RealCall$AsyncCall.run:519 ← ThreadPoolExecutor.runWorker:1145
09-15 12:59:20.673 D [ws] reconnect #104 in 30000ms
09-15 12:59:21.667 W [http] GET /api/status -> 404 · 404: Not Found
09-15 12:59:22.363 W [http] GET /api/status -> 404 · 404: Not Found
09-15 12:59:22.363 W [http] GET /api/cron/jobs -> 404 · 404: Not Found
09-15 12:59:38.284 W [http] GET /api/status -> 404 · 404: Not Found
09-15 12:59:39.040 W [http] GET /api/status -> 404 · 404: Not Found
09-15 12:59:39.040 W [http] GET /api/cron/jobs -> 404 · 404: Not Found
09-15 12:59:50.700 E [ws] failed http=404 — ProtocolException: Expected HTTP 101 response but was '404 Not Found' · RealWebSocket.checkUpgradeSuccess$okhttp:224 ← RealWebSocket$connect$1.onResponse:170 ← RealCall$AsyncCall.run:519 ← ThreadPoolExecutor.runWorker:1145
09-15 12:59:50.702 D [ws] reconnect #105 in 30000ms
09-15 12:59:54.588 W [http] GET /api/status -> 404 · 404: Not Found
09-15 12:59:55.517 W [http] GET /api/cron/jobs -> 404 · 404: Not Found
09-15 12:59:55.517 W [http] GET /api/status -> 404 · 404: Not Found
09-15 13:00:11.398 W [http] GET /api/status -> 404 · 404: Not Found
09-15 13:00:11.917 W [http] GET /api/status -> 404 · 404: Not Found
09-15 13:00:11.919 W [http] GET /api/cron/jobs -> 404 · 404: Not Found
09-15 13:00:20.814 E [ws] failed http=404 — ProtocolException: Expected HTTP 101 response but was '404 Not Found' · RealWebSocket.checkUpgradeSuccess$okhttp:224 ← RealWebSocket$connect$1.onResponse:170 ← RealCall$AsyncCall.run:519 ← ThreadPoolExecutor.runWorker:1145
09-15 13:00:20.817 D [ws] reconnect #106 in 30000ms
09-15 13:00:27.628 W [http] GET /api/status -> 404 · 404: Not Found
09-15 13:00:28.571 W [http] GET /api/cron/jobs -> 404 · 404: Not Found
09-15 13:00:28.571 W [http] GET /api/status -> 404 · 404: Not Found
09-15 13:00:36.127 E [bridge] failed http=- — SocketTimeoutException: sent ping but didn't receive pong within 40000ms (after 2 successful ping/pongs) · RealWebSocket.writePingFrame$okhttp:563 ← RealWebSocket$initReaderAndWriter$lambda$3$$inlined$schedule$1.runOnce:219 ← TaskRunner.runTask:116 ← TaskRunner.access$runTask:42
09-15 13:00:36.131 D [bridge] reconnect #1 in 4000ms
09-15 13:00:40.170 I [bridge] connecting to ws://10.0.2.2:9180/phone?token=***
09-15 13:00:41.087 I [bridge] connected, advertising 27 tools
09-15 13:00:44.243 W [http] GET /api/status -> 404 · 404: Not Found
09-15 13:00:45.246 W [http] GET /api/status -> 404 · 404: Not Found
09-15 13:00:45.246 W [http] GET /api/cron/jobs -> 404 · 404: Not Found
09-15 13:00:50.918 E [ws] failed http=404 — ProtocolException: Expected HTTP 101 response but was '404 Not Found' · RealWebSocket.checkUpgradeSuccess$okhttp:224 ← RealWebSocket$connect$1.onResponse:170 ← RealCall$AsyncCall.run:519 ← ThreadPoolExecutor.runWorker:1145
09-15 13:00:50.920 D [ws] reconnect #107 in 30000ms
09-15 13:01:00.924 W [http] GET /api/status -> 404 · 404: Not Found
09-15 13:01:01.932 W [http] GET /api/status -> 404 · 404: Not Found
09-15 13:01:01.934 W [http] GET /api/cron/jobs -> 404 · 404: Not Found
09-15 13:01:17.718 W [http] GET /api/status -> 404 · 404: Not Found
09-15 13:01:18.495 W [http] GET /api/status -> 404 · 404: Not Found
09-15 13:01:18.496 W [http] GET /api/cron/jobs -> 404 · 404: Not Found
09-15 13:01:20.979 E [ws] failed http=404 — ProtocolException: Expected HTTP 101 response but was '404 Not Found' · RealWebSocket.checkUpgradeSuccess$okhttp:224 ← RealWebSocket$connect$1.onResponse:170 ← RealCall$AsyncCall.run:519 ← ThreadPoolExecutor.runWorker:1145
09-15 13:01:20.981 D [ws] reconnect #108 in 30000ms
09-15 13:01:34.128 W [http] GET /api/status -> 404 · 404: Not Found
09-15 13:01:35.091 W [http] GET /api/cron/jobs -> 404 · 404: Not Found
09-15 13:01:35.091 W [http] GET /api/status -> 404 · 404: Not Found
09-15 13:01:50.673 W [http] GET /api/status -> 404 · 404: Not Found
09-15 13:01:50.997 E [ws] failed http=404 — ProtocolException: Expected HTTP 101 response but was '404 Not Found' · RealWebSocket.checkUpgradeSuccess$okhttp:224 ← RealWebSocket$connect$1.onResponse:170 ← RealCall$AsyncCall.run:519 ← ThreadPoolExecutor.runWorker:1145
09-15 13:01:50.999 D [ws] reconnect #109 in 30000ms
09-15 13:01:51.197 W [http] GET /api/cron/jobs -> 404 · 404: Not Found
09-15 13:01:51.197 W [http] GET /api/status -> 404 · 404: Not Found
09-15 13:02:07.206 W [http] GET /api/status -> 404 · 404: Not Found
09-15 13:02:08.042 W [http] GET /api/status -> 404 · 404: Not Found
09-15 13:02:08.042 W [http] GET /api/cron/jobs -> 404 · 404: Not Found
09-15 13:02:21.125 E [ws] failed http=404 — ProtocolException: Expected HTTP 101 response but was '404 Not Found' · RealWebSocket.checkUpgradeSuccess$okhttp:224 ← RealWebSocket$connect$1.onResponse:170 ← RealCall$AsyncCall.run:519 ← ThreadPoolExecutor.runWorker:1145
09-15 13:02:21.127 D [ws] reconnect #110 in 30000ms
09-15 13:02:23.631 W [http] GET /api/status -> 404 · 404: Not Found
09-15 13:02:24.631 W [http] GET /api/cron/jobs -> 404 · 404: Not Found
09-15 13:02:24.631 W [http] GET /api/status -> 404 · 404: Not Found
09-15 13:02:40.404 W [http] GET /api/status -> 404 · 404: Not Found
09-15 13:02:41.406 W [http] GET /api/status -> 404 · 404: Not Found
09-15 13:02:41.407 W [http] GET /api/cron/jobs -> 404 · 404: Not Found
09-15 13:02:51.144 E [ws] failed http=404 — ProtocolException: Expected HTTP 101 response but was '404 Not Found' · RealWebSocket.checkUpgradeSuccess$okhttp:224 ← RealWebSocket$connect$1.onResponse:170 ← RealCall$AsyncCall.run:519 ← ThreadPoolExecutor.runWorker:1145
09-15 13:02:51.145 D [ws] reconnect #111 in 30000ms
09-15 13:02:57.149 W [http] GET /api/status -> 404 · 404: Not Found
09-15 13:02:58.149 W [http] GET /api/cron/jobs -> 404 · 404: Not Found
09-15 13:02:58.149 W [http] GET /api/status -> 404 · 404: Not Found
09-15 13:03:13.851 W [http] GET /api/status -> 404 · 404: Not Found
09-15 13:03:14.851 W [http] GET /api/status -> 404 · 404: Not Found
09-15 13:03:14.853 W [http] GET /api/cron/jobs -> 404 · 404: Not Found
09-15 13:03:21.211 E [ws] failed http=404 — ProtocolException: Expected HTTP 101 response but was '404 Not Found' · RealWebSocket.checkUpgradeSuccess$okhttp:224 ← RealWebSocket$connect$1.onResponse:170 ← RealCall$AsyncCall.run:519 ← ThreadPoolExecutor.runWorker:1145
09-15 13:03:21.215 D [ws] reconnect #112 in 30000ms
09-15 13:03:21.215 E [bridge] failed http=- — SocketTimeoutException: sent ping but didn't receive pong within 40000ms (after 2 successful ping/pongs) · RealWebSocket.writePingFrame$okhttp:563 ← RealWebSocket$initReaderAndWriter$lambda$3$$inlined$schedule$1.runOnce:219 ← TaskRunner.runTask:116 ← TaskRunner.access$runTask:42
09-15 13:03:21.217 D [bridge] reconnect #1 in 4000ms
09-15 13:03:25.270 I [bridge] connecting to ws://10.0.2.2:9180/phone?token=***
09-15 13:03:26.221 I [bridge] connected, advertising 27 tools
09-15 13:03:30.726 W [http] GET /api/status -> 404 · 404: Not Found
09-15 13:03:31.727 W [http] GET /api/cron/jobs -> 404 · 404: Not Found
09-15 13:03:31.727 W [http] GET /api/status -> 404 · 404: Not Found
09-15 13:03:47.843 W [http] GET /api/status -> 404 · 404: Not Found
09-15 13:03:48.518 W [http] GET /api/status -> 404 · 404: Not Found
09-15 13:03:48.519 W [http] GET /api/cron/jobs -> 404 · 404: Not Found
09-15 13:03:51.244 E [ws] failed http=404 — ProtocolException: Expected HTTP 101 response but was '404 Not Found' · RealWebSocket.checkUpgradeSuccess$okhttp:224 ← RealWebSocket$connect$1.onResponse:170 ← RealCall$AsyncCall.run:519 ← ThreadPoolExecutor.runWorker:1145
09-15 13:03:51.246 D [ws] reconnect #113 in 30000ms
09-15 13:04:04.205 W [http] GET /api/status -> 404 · 404: Not Found
09-15 13:04:05.142 W [http] GET /api/status -> 404 · 404: Not Found
09-15 13:04:05.142 W [http] GET /api/cron/jobs -> 404 · 404: Not Found
09-15 13:04:20.753 W [http] GET /api/status -> 404 · 404: Not Found
09-15 13:04:21.267 E [ws] failed http=404 — ProtocolException: Expected HTTP 101 response but was '404 Not Found' · RealWebSocket.checkUpgradeSuccess$okhttp:224 ← RealWebSocket$connect$1.onResponse:170 ← RealCall$AsyncCall.run:519 ← ThreadPoolExecutor.runWorker:1145
09-15 13:04:21.267 W [http] GET /api/status -> 404 · 404: Not Found
09-15 13:04:21.267 W [http] GET /api/cron/jobs -> 404 · 404: Not Found
09-15 13:04:21.273 D [ws] reconnect #114 in 30000ms
09-15 13:04:36.921 W [http] GET /api/status -> 404 · 404: Not Found
09-15 13:04:37.698 W [http] GET /api/status -> 404 · 404: Not Found
09-15 13:04:37.699 W [http] GET /api/cron/jobs -> 404 · 404: Not Found
09-15 13:04:51.332 E [ws] failed http=404 — ProtocolException: Expected HTTP 101 response but was '404 Not Found' · RealWebSocket.checkUpgradeSuccess$okhttp:224 ← RealWebSocket$connect$1.onResponse:170 ← RealCall$AsyncCall.run:519 ← ThreadPoolExecutor.runWorker:1145
09-15 13:04:51.337 D [ws] reconnect #115 in 30000ms
09-15 13:04:53.337 W [http] GET /api/status -> 404 · 404: Not Found
09-15 13:04:54.339 W [http] GET /api/status -> 404 · 404: Not Found
09-15 13:04:54.339 W [http] GET /api/cron/jobs -> 404 · 404: Not Found
09-15 13:05:10.057 W [http] GET /api/status -> 404 · 404: Not Found
09-15 13:05:11.059 W [http] GET /api/cron/jobs -> 404 · 404: Not Found
09-15 13:05:11.059 W [http] GET /api/status -> 404 · 404: Not Found
09-15 13:05:21.460 E [ws] failed http=404 — ProtocolException: Expected HTTP 101 response but was '404 Not Found' · RealWebSocket.checkUpgradeSuccess$okhttp:224 ← RealWebSocket$connect$1.onResponse:170 ← RealCall$AsyncCall.run:519 ← ThreadPoolExecutor.runWorker:1145
09-15 13:05:21.463 D [ws] reconnect #116 in 30000ms
09-15 13:05:26.969 W [http] GET /api/status -> 404 · 404: Not Found
09-15 13:05:27.663 W [http] GET /api/status -> 404 · 404: Not Found
09-15 13:05:27.663 W [http] GET /api/cron/jobs -> 404 · 404: Not Found
09-15 13:05:43.617 W [http] GET /api/status -> 404 · 404: Not Found
09-15 13:05:44.291 W [http] GET /api/status -> 404 · 404: Not Found
09-15 13:05:44.291 W [http] GET /api/cron/jobs -> 404 · 404: Not Found
09-15 13:05:51.522 E [ws] failed http=404 — ProtocolException: Expected HTTP 101 response but was '404 Not Found' · RealWebSocket.checkUpgradeSuccess$okhttp:224 ← RealWebSocket$connect$1.onResponse:170 ← RealCall$AsyncCall.run:519 ← ThreadPoolExecutor.runWorker:1145
09-15 13:05:51.523 D [ws] reconnect #117 in 30000ms
09-15 13:06:00.029 W [http] GET /api/status -> 404 · 404: Not Found
09-15 13:06:01.030 W [http] GET /api/status -> 404 · 404: Not Found
09-15 13:06:01.031 W [http] GET /api/cron/jobs -> 404 · 404: Not Found
09-15 13:06:06.387 E [bridge] failed http=- — SocketTimeoutException: sent ping but didn't receive pong within 40000ms (after 2 successful ping/pongs) · RealWebSocket.writePingFrame$okhttp:563 ← RealWebSocket$initReaderAndWriter$lambda$3$$inlined$schedule$1.runOnce:219 ← TaskRunner.runTask:116 ← TaskRunner.access$runTask:42
09-15 13:06:06.392 D [bridge] reconnect #1 in 4000ms
09-15 13:06:10.506 I [bridge] connecting to ws://10.0.2.2:9180/phone?token=***
09-15 13:06:11.458 I [bridge] connected, advertising 27 tools
09-15 13:06:16.961 W [http] GET /api/status -> 404 · 404: Not Found
09-15 13:06:17.767 W [http] GET /api/cron/jobs -> 404 · 404: Not Found
09-15 13:06:17.768 W [http] GET /api/status -> 404 · 404: Not Found
09-15 13:06:21.584 E [ws] failed http=404 — ProtocolException: Expected HTTP 101 response but was '404 Not Found' · RealWebSocket.checkUpgradeSuccess$okhttp:224 ← RealWebSocket$connect$1.onResponse:170 ← RealCall$AsyncCall.run:519 ← ThreadPoolExecutor.runWorker:1145
09-15 13:06:21.585 D [ws] reconnect #118 in 30000ms
09-15 13:06:33.607 W [http] GET /api/status -> 404 · 404: Not Found
09-15 13:06:34.188 W [http] GET /api/status -> 404 · 404: Not Found
09-15 13:06:34.189 W [http] GET /api/cron/jobs -> 404 · 404: Not Found
09-15 13:06:50.210 W [http] GET /api/status -> 404 · 404: Not Found
09-15 13:06:50.725 W [http] GET /api/cron/jobs -> 404 · 404: Not Found
09-15 13:06:50.725 W [http] GET /api/status -> 404 · 404: Not Found
09-15 13:06:51.665 E [ws] failed http=404 — ProtocolException: Expected HTTP 101 response but was '404 Not Found' · RealWebSocket.checkUpgradeSuccess$okhttp:224 ← RealWebSocket$connect$1.onResponse:170 ← RealCall$AsyncCall.run:519 ← ThreadPoolExecutor.runWorker:1145
09-15 13:06:51.667 D [ws] reconnect #119 in 30000ms
09-15 13:07:06.679 W [http] GET /api/status -> 404 · 404: Not Found
09-15 13:07:07.316 W [http] GET /api/cron/jobs -> 404 · 404: Not Found
09-15 13:07:07.317 W [http] GET /api/status -> 404 · 404: Not Found
09-15 13:07:21.691 E [ws] failed http=404 — ProtocolException: Expected HTTP 101 response but was '404 Not Found' · RealWebSocket.checkUpgradeSuccess$okhttp:224 ← RealWebSocket$connect$1.onResponse:170 ← RealCall$AsyncCall.run:519 ← ThreadPoolExecutor.runWorker:1145
09-15 13:07:21.695 D [ws] reconnect #120 in 30000ms
09-15 13:07:23.197 W [http] GET /api/status -> 404 · 404: Not Found
09-15 13:07:24.197 W [http] GET /api/status -> 404 · 404: Not Found
09-15 13:07:24.198 W [http] GET /api/cron/jobs -> 404 · 404: Not Found
09-15 13:07:40.130 W [http] GET /api/status -> 404 · 404: Not Found
09-15 13:07:40.944 W [http] GET /api/cron/jobs -> 404 · 404: Not Found
09-15 13:07:40.945 W [http] GET /api/status -> 404 · 404: Not Found
09-15 13:07:51.723 E [ws] failed http=404 — ProtocolException: Expected HTTP 101 response but was '404 Not Found' · RealWebSocket.checkUpgradeSuccess$okhttp:224 ← RealWebSocket$connect$1.onResponse:170 ← RealCall$AsyncCall.run:519 ← ThreadPoolExecutor.runWorker:1145
09-15 13:07:51.724 D [ws] reconnect #121 in 30000ms
09-15 13:07:56.725 W [http] GET /api/status -> 404 · 404: Not Found
09-15 13:07:57.674 W [http] GET /api/cron/jobs -> 404 · 404: Not Found
09-15 13:07:57.673 W [http] GET /api/status -> 404 · 404: Not Found
09-15 13:08:13.713 W [http] GET /api/status -> 404 · 404: Not Found
09-15 13:08:14.365 W [http] GET /api/status -> 404 · 404: Not Found
09-15 13:08:14.365 W [http] GET /api/cron/jobs -> 404 · 404: Not Found
09-15 13:08:21.830 E [ws] failed http=404 — ProtocolException: Expected HTTP 101 response but was '404 Not Found' · RealWebSocket.checkUpgradeSuccess$okhttp:224 ← RealWebSocket$connect$1.onResponse:170 ← RealCall$AsyncCall.run:519 ← ThreadPoolExecutor.runWorker:1145
09-15 13:08:21.831 D [ws] reconnect #122 in 30000ms
09-15 13:08:25.352 W [http] GET /api/status -> 404 · 404: Not Found
09-15 13:08:26.349 W [http] GET /api/cron/jobs -> 404 · 404: Not Found
09-15 13:08:26.349 W [http] GET /api/status -> 404 · 404: Not Found
09-15 13:08:30.357 W [http] GET /api/status -> 404 · 404: Not Found
09-15 13:08:31.255 W [http] GET /api/cron/jobs -> 404 · 404: Not Found
09-15 13:08:31.255 W [http] GET /api/status -> 404 · 404: Not Found
09-15 13:08:47.275 W [http] GET /api/status -> 404 · 404: Not Found
09-15 13:08:47.877 W [http] GET /api/cron/jobs -> 404 · 404: Not Found
09-15 13:08:47.877 W [http] GET /api/status -> 404 · 404: Not Found
09-15 13:08:51.624 E [bridge] failed http=- — SocketTimeoutException: sent ping but didn't receive pong within 40000ms (after 2 successful ping/pongs) · RealWebSocket.writePingFrame$okhttp:563 ← RealWebSocket$initReaderAndWriter$lambda$3$$inlined$schedule$1.runOnce:219 ← TaskRunner.runTask:116 ← TaskRunner.access$runTask:42
09-15 13:08:51.625 D [bridge] reconnect #1 in 4000ms
09-15 13:08:51.876 E [ws] failed http=404 — ProtocolException: Expected HTTP 101 response but was '404 Not Found' · RealWebSocket.checkUpgradeSuccess$okhttp:224 ← RealWebSocket$connect$1.onResponse:170 ← RealCall$AsyncCall.run:519 ← ThreadPoolExecutor.runWorker:1145
09-15 13:08:51.878 D [ws] reconnect #123 in 30000ms
09-15 13:08:55.646 I [bridge] connecting to ws://10.0.2.2:9180/phone?token=***
09-15 13:08:56.382 I [bridge] connected, advertising 27 tools
09-15 13:09:03.891 W [http] GET /api/status -> 404 · 404: Not Found
09-15 13:09:04.762 W [http] GET /api/status -> 404 · 404: Not Found
09-15 13:09:04.762 W [http] GET /api/cron/jobs -> 404 · 404: Not Found
09-15 13:09:20.696 W [http] GET /api/status -> 404 · 404: Not Found
09-15 13:09:21.273 W [http] GET /api/status -> 404 · 404: Not Found
09-15 13:09:21.273 W [http] GET /api/cron/jobs -> 404 · 404: Not Found
09-15 13:09:21.932 E [ws] failed http=404 — ProtocolException: Expected HTTP 101 response but was '404 Not Found' · RealWebSocket.checkUpgradeSuccess$okhttp:224 ← RealWebSocket$connect$1.onResponse:170 ← RealCall$AsyncCall.run:519 ← ThreadPoolExecutor.runWorker:1145
09-15 13:09:21.933 D [ws] reconnect #124 in 30000ms
09-15 13:13:37.815 I [app] started · Android 34 · Google sdk_gphone64_arm64
09-15 13:13:38.028 I [tur6seed] seed tamam: url= agent=false readonly=true full=false token=*** karakter)
09-15 13:20:18.388 I [app] started · Android 34 · Google sdk_gphone64_arm64
09-15 13:20:18.529 I [tur6seed] seed tamam: url=http://10.0.2.2:9281 bridge=ws://10.0.2.2:9280/phone agent=true readonly=true full=false token=*** karakter)
09-15 13:20:18.599 I [bridge] connecting to ws://10.0.2.2:9280/phone?token=***
09-15 13:20:19.583 I [bridge] connected, advertising 6 tools
09-15 13:20:33.344 W [bridge] sunucu devralma bildirdi (taken_over karesi)
09-15 13:21:39.639 E [bridge] failed http=- — SocketTimeoutException: sent ping but didn't receive pong within 40000ms (after 0 successful ping/pongs) · RealWebSocket.writePingFrame$okhttp:563 ← RealWebSocket$initReaderAndWriter$lambda$3$$inlined$schedule$1.runOnce:219 ← TaskRunner.runTask:116 ← TaskRunner.access$runTask:42
09-15 13:22:19.828 I [tur6seed] seed tamam: url=http://10.0.2.2:9281 bridge=ws://10.0.2.2:9280/phone agent=true readonly=true full=false token=*** karakter)
09-15 13:22:52.868 I [app] started · Android 34 · Google sdk_gphone64_arm64
09-15 13:22:53.220 I [tur6seed] seed tamam: url=http://10.0.2.2:9281 bridge=ws://10.0.2.2:9280/phone agent=true readonly=true full=false token=*** karakter)
09-15 13:22:53.404 I [bridge] connecting to ws://10.0.2.2:9280/phone?token=***
09-15 13:22:54.175 I [bridge] connected, advertising 6 tools
09-15 13:23:20.874 I [app] started · Android 34 · Google sdk_gphone64_arm64
09-15 13:23:21.042 I [tur6seed] seed tamam: url=http://10.0.2.2:9281 bridge=ws://10.0.2.2:9280/phone agent=true readonly=true full=false token=*** karakter)
09-15 13:23:21.173 I [bridge] connecting to ws://10.0.2.2:9280/phone?token=***
09-15 13:23:22.148 I [bridge] connected, advertising 6 tools
09-15 13:23:39.827 W [bridge] sunucu devralma bildirdi (taken_over karesi)
09-15 13:24:12.838 I [bridge] kullanici yeniden baglan istedi
09-15 13:24:12.845 I [bridge] connecting to ws://10.0.2.2:9280/phone?token=***
09-15 13:24:13.409 I [bridge] connected, advertising 6 tools
09-15 13:24:26.598 W [bridge] sunucu devralma bildirdi (taken_over karesi)
09-15 13:24:42.321 E [bridge] failed http=- — SocketTimeoutException: sent ping but didn't receive pong within 40000ms (after 0 successful ping/pongs) · RealWebSocket.writePingFrame$okhttp:563 ← RealWebSocket$initReaderAndWriter$lambda$3$$inlined$schedule$1.runOnce:219 ← TaskRunner.runTask:116 ← TaskRunner.access$runTask:42
09-15 13:24:44.700 W [http] GET /api/status -> 404 · 404: Not Found
09-15 13:24:44.705 W [http] GET /api/status -> 404 · 404: Not Found
09-15 13:24:45.215 W [http] GET /api/profiles -> 404 · 404: Not Found
09-15 13:24:45.708 W [http] GET /api/status -> 404 · 404: Not Found
09-15 13:24:45.710 W [http] GET /api/model/info -> 404 · 404: Not Found
09-15 13:24:45.709 E [ws] failed http=404 — ProtocolException: Expected HTTP 101 response but was '404 Not Found' · RealWebSocket.checkUpgradeSuccess$okhttp:224 ← RealWebSocket$connect$1.onResponse:170 ← RealCall$AsyncCall.run:519 ← ThreadPoolExecutor.runWorker:1145
09-15 13:24:45.710 W [http] GET /api/status -> 404 · 404: Not Found
09-15 13:24:45.708 W [http] GET /api/cron/jobs -> 404 · 404: Not Found
09-15 13:24:45.709 W [http] GET /api/profiles -> 404 · 404: Not Found
09-15 13:24:45.711 W [http] GET /api/profiles -> 404 · 404: Not Found
09-15 13:24:45.712 D [ws] reconnect #1 in 300ms
09-15 13:24:45.709 W [http] GET /api/cron/jobs -> 404 · 404: Not Found
09-15 13:24:45.723 W [http] GET /api/profiles/active -> 404 · 404: Not Found
09-15 13:24:45.724 W [http] GET /api/profiles/active -> 404 · 404: Not Found
09-15 13:24:46.055 E [ws] failed http=404 — ProtocolException: Expected HTTP 101 response but was '404 Not Found' · RealWebSocket.checkUpgradeSuccess$okhttp:224 ← RealWebSocket$connect$1.onResponse:170 ← RealCall$AsyncCall.run:519 ← ThreadPoolExecutor.runWorker:1145
09-15 13:24:46.055 D [ws] reconnect #2 in 4000ms
09-15 13:24:50.065 E [ws] failed http=404 — ProtocolException: Expected HTTP 101 response but was '404 Not Found' · RealWebSocket.checkUpgradeSuccess$okhttp:224 ← RealWebSocket$connect$1.onResponse:170 ← RealCall$AsyncCall.run:519 ← ThreadPoolExecutor.runWorker:1145
09-15 13:24:50.065 D [ws] reconnect #3 in 8000ms
09-15 13:24:58.073 E [ws] failed http=404 — ProtocolException: Expected HTTP 101 response but was '404 Not Found' · RealWebSocket.checkUpgradeSuccess$okhttp:224 ← RealWebSocket$connect$1.onResponse:170 ← RealCall$AsyncCall.run:519 ← ThreadPoolExecutor.runWorker:1145
09-15 13:24:58.075 D [ws] reconnect #4 in 16000ms
09-15 13:24:59.584 W [http] GET /api/status -> 404 · 404: Not Found
09-15 13:25:00.584 W [http] GET /api/cron/jobs -> 404 · 404: Not Found
09-15 13:25:00.584 W [http] GET /api/status -> 404 · 404: Not Found
09-15 13:25:14.236 E [ws] failed http=404 — ProtocolException: Expected HTTP 101 response but was '404 Not Found' · RealWebSocket.checkUpgradeSuccess$okhttp:224 ← RealWebSocket$connect$1.onResponse:170 ← RealCall$AsyncCall.run:519 ← ThreadPoolExecutor.runWorker:1145
09-15 13:25:14.239 D [ws] reconnect #5 in 30000ms
09-15 13:25:16.237 W [http] GET /api/status -> 404 · 404: Not Found
09-15 13:25:17.240 W [http] GET /api/cron/jobs -> 404 · 404: Not Found
09-15 13:25:17.240 W [http] GET /api/status -> 404 · 404: Not Found
09-15 13:25:33.263 W [http] GET /api/status -> 404 · 404: Not Found
09-15 13:25:33.533 E [bridge] failed http=- — SocketTimeoutException: sent ping but didn't receive pong within 40000ms (after 0 successful ping/pongs) · RealWebSocket.writePingFrame$okhttp:563 ← RealWebSocket$initReaderAndWriter$lambda$3$$inlined$schedule$1.runOnce:219 ← TaskRunner.runTask:116 ← TaskRunner.access$runTask:42
09-15 13:25:34.263 W [http] GET /api/status -> 404 · 404: Not Found
09-15 13:25:34.263 W [http] GET /api/cron/jobs -> 404 · 404: Not Found
09-15 13:25:35.163 I [bridge] kullanici yeniden baglan istedi
09-15 13:25:35.167 I [bridge] connecting to ws://10.0.2.2:9280/phone?token=***
09-15 13:25:35.766 I [bridge] connected, advertising 6 tools
09-15 13:25:44.251 E [ws] failed http=404 — ProtocolException: Expected HTTP 101 response but was '404 Not Found' · RealWebSocket.checkUpgradeSuccess$okhttp:224 ← RealWebSocket$connect$1.onResponse:170 ← RealCall$AsyncCall.run:519 ← ThreadPoolExecutor.runWorker:1145
09-15 13:25:44.253 D [ws] reconnect #6 in 30000ms
09-15 13:25:50.262 W [http] GET /api/status -> 404 · 404: Not Found
09-15 13:25:51.264 W [http] GET /api/status -> 404 · 404: Not Found
09-15 13:25:51.264 W [http] GET /api/cron/jobs -> 404 · 404: Not Found
09-15 13:26:07.198 W [http] GET /api/status -> 404 · 404: Not Found
09-15 13:26:08.199 W [http] GET /api/status -> 404 · 404: Not Found
09-15 13:26:08.200 W [http] GET /api/cron/jobs -> 404 · 404: Not Found
09-15 13:26:14.340 E [ws] failed http=404 — ProtocolException: Expected HTTP 101 response but was '404 Not Found' · RealWebSocket.checkUpgradeSuccess$okhttp:224 ← RealWebSocket$connect$1.onResponse:170 ← RealCall$AsyncCall.run:519 ← ThreadPoolExecutor.runWorker:1145
09-15 13:26:14.342 D [ws] reconnect #7 in 30000ms
09-15 13:26:23.934 W [http] GET /api/status -> 404 · 404: Not Found
09-15 13:26:24.936 W [http] GET /api/status -> 404 · 404: Not Found
09-15 13:26:24.937 W [http] GET /api/cron/jobs -> 404 · 404: Not Found
09-15 13:26:40.982 W [http] GET /api/status -> 404 · 404: Not Found
09-15 13:26:41.986 W [http] GET /api/status -> 404 · 404: Not Found
09-15 13:26:41.986 W [http] GET /api/cron/jobs -> 404 · 404: Not Found
09-15 13:26:42.546 E [bridge] failed http=- — EOFException: null · RealBufferedSource.require:202 ← RealBufferedSource.readByte:212 ← WebSocketReader.readHeader:119 ← WebSocketReader.processNextFrame:102
09-15 13:26:42.569 D [bridge] reconnect #1 in 2000ms
09-15 13:26:44.586 I [bridge] connecting to ws://10.0.2.2:9280/phone?token=***
09-15 13:26:45.048 E [ws] failed http=404 — ProtocolException: Expected HTTP 101 response but was '404 Not Found' · RealWebSocket.checkUpgradeSuccess$okhttp:224 ← RealWebSocket$connect$1.onResponse:170 ← RealCall$AsyncCall.run:519 ← ThreadPoolExecutor.runWorker:1145
09-15 13:26:45.049 D [ws] reconnect #8 in 30000ms
09-15 13:26:45.549 I [bridge] connected, advertising 6 tools
09-15 13:26:58.069 W [http] GET /api/status -> 404 · 404: Not Found
09-15 13:26:59.072 W [http] GET /api/status -> 404 · 404: Not Found
09-15 13:26:59.072 W [http] GET /api/cron/jobs -> 404 · 404: Not Found
09-15 13:27:00.010 E [bridge] failed http=- — EOFException: null · RealBufferedSource.require:202 ← RealBufferedSource.readByte:212 ← WebSocketReader.readHeader:119 ← WebSocketReader.processNextFrame:102
09-15 13:27:00.013 D [bridge] reconnect #1 in 2000ms
09-15 13:27:02.074 I [bridge] connecting to ws://10.0.2.2:9280/phone?token=***
09-15 13:27:03.015 I [bridge] connected, advertising 6 tools
09-15 13:27:15.026 W [http] GET /api/status -> 404 · 404: Not Found
09-15 13:27:16.027 W [http] GET /api/cron/jobs -> 404 · 404: Not Found
09-15 13:27:16.027 E [ws] failed http=404 — ProtocolException: Expected HTTP 101 response but was '404 Not Found' · RealWebSocket.checkUpgradeSuccess$okhttp:224 ← RealWebSocket$connect$1.onResponse:170 ← RealCall$AsyncCall.run:519 ← ThreadPoolExecutor.runWorker:1145
09-15 13:27:16.027 W [http] GET /api/status -> 404 · 404: Not Found
09-15 13:27:16.029 D [ws] reconnect #9 in 30000ms
09-15 13:27:21.321 I [tur6seed] seed tamam: url= bridge= agent=false readonly=true full=false token=*** karakter)
09-15 13:27:21.344 W [bridge] closed code=1000 reason=-
09-15 13:27:22.350 W [http] GET /api/status -> 404 · 404: Not Found
09-15 13:27:23.351 W [http] GET /api/cron/jobs -> 404 · 404: Not Found
09-15 13:27:23.351 W [http] GET /api/status -> 404 · 404: Not Found
09-15 13:27:31.524 W [http] GET /api/status · http://10.0.2.2:9281 unreachable: Failed to connect to /10.0.2.2:9281
09-15 13:27:31.525 E [http] GET /api/status - no address reachable
09-15 13:27:32.023 W [http] GET /api/status · http://10.0.2.2:9281 unreachable: Failed to connect to /10.0.2.2:9281
09-15 13:27:32.023 W [http] GET /api/cron/jobs · http://10.0.2.2:9281 unreachable: Failed to connect to /10.0.2.2:9281
09-15 13:27:32.024 E [http] GET /api/status - no address reachable
09-15 13:27:32.024 E [http] GET /api/cron/jobs - no address reachable
09-15 13:27:46.548 E [ws] failed http=- — ConnectException: Failed to connect to /10.0.2.2:9281 · RealConnection.connectSocket:297 ← RealConnection.connect:207 ← ExchangeFinder.findConnection:226 ← ExchangeFinder.findHealthyConnection:106
09-15 13:27:46.550 D [ws] reconnect #10 in 30000ms
09-15 13:27:47.048 W [http] GET /api/status · http://10.0.2.2:9281 unreachable: Failed to connect to /10.0.2.2:9281
09-15 13:27:47.049 E [http] GET /api/status - no address reachable
09-15 13:27:47.553 W [http] GET /api/status · http://10.0.2.2:9281 unreachable: Failed to connect to /10.0.2.2:9281
09-15 13:27:47.553 W [http] GET /api/cron/jobs · http://10.0.2.2:9281 unreachable: Failed to connect to /10.0.2.2:9281
09-15 13:27:47.555 E [http] GET /api/status - no address reachable
09-15 13:27:47.556 E [http] GET /api/cron/jobs - no address reachable
09-15 13:28:03.076 W [http] GET /api/status · http://10.0.2.2:9281 unreachable: Failed to connect to /10.0.2.2:9281
09-15 13:28:03.080 E [http] GET /api/status - no address reachable
09-15 13:28:03.574 W [http] GET /api/cron/jobs · http://10.0.2.2:9281 unreachable: Failed to connect to /10.0.2.2:9281
09-15 13:28:03.574 W [http] GET /api/status · http://10.0.2.2:9281 unreachable: Failed to connect to /10.0.2.2:9281
09-15 13:28:03.577 E [http] GET /api/cron/jobs - no address reachable
09-15 13:28:03.578 E [http] GET /api/status - no address reachable
09-15 13:28:16.594 E [ws] failed http=- — ConnectException: Failed to connect to /10.0.2.2:9281 · RealConnection.connectSocket:297 ← RealConnection.connect:207 ← ExchangeFinder.findConnection:226 ← ExchangeFinder.findHealthyConnection:106
09-15 13:28:16.596 D [ws] reconnect #11 in 30000ms
09-15 13:28:19.101 W [http] GET /api/status · http://10.0.2.2:9281 unreachable: Failed to connect to /10.0.2.2:9281
09-15 13:28:19.105 E [http] GET /api/status - no address reachable
09-15 13:28:19.601 W [http] GET /api/status · http://10.0.2.2:9281 unreachable: Failed to connect to /10.0.2.2:9281
09-15 13:28:19.601 W [http] GET /api/cron/jobs · http://10.0.2.2:9281 unreachable: Failed to connect to /10.0.2.2:9281
09-15 13:28:19.603 E [http] GET /api/status - no address reachable
09-15 13:28:19.604 E [http] GET /api/cron/jobs - no address reachable
09-15 13:28:35.124 W [http] GET /api/status · http://10.0.2.2:9281 unreachable: Failed to connect to /10.0.2.2:9281
09-15 13:28:35.128 E [http] GET /api/status - no address reachable
09-15 13:28:35.624 W [http] GET /api/status · http://10.0.2.2:9281 unreachable: Failed to connect to /10.0.2.2:9281
09-15 13:28:35.624 W [http] GET /api/cron/jobs · http://10.0.2.2:9281 unreachable: Failed to connect to /10.0.2.2:9281
09-15 13:28:35.624 E [http] GET /api/status - no address reachable
09-15 13:28:35.625 E [http] GET /api/cron/jobs - no address reachable
09-15 13:28:46.638 E [ws] failed http=- — ConnectException: Failed to connect to /10.0.2.2:9281 · RealConnection.connectSocket:297 ← RealConnection.connect:207 ← ExchangeFinder.findConnection:226 ← ExchangeFinder.findHealthyConnection:106
09-15 13:28:46.639 D [ws] reconnect #12 in 30000ms
09-15 13:28:51.147 W [http] GET /api/status · http://10.0.2.2:9281 unreachable: Failed to connect to /10.0.2.2:9281
09-15 13:28:51.148 E [http] GET /api/status - no address reachable
09-15 13:28:51.648 W [http] GET /api/cron/jobs · http://10.0.2.2:9281 unreachable: Failed to connect to /10.0.2.2:9281
09-15 13:28:51.648 W [http] GET /api/status · http://10.0.2.2:9281 unreachable: Failed to connect to /10.0.2.2:9281
09-15 13:28:51.648 E [http] GET /api/cron/jobs - no address reachable
09-15 13:28:51.649 E [http] GET /api/status - no address reachable
09-15 13:29:07.170 W [http] GET /api/status · http://10.0.2.2:9281 unreachable: Failed to connect to /10.0.2.2:9281
09-15 13:29:07.171 E [http] GET /api/status - no address reachable
09-15 13:29:07.671 W [http] GET /api/cron/jobs · http://10.0.2.2:9281 unreachable: Failed to connect to /10.0.2.2:9281
09-15 13:29:07.671 W [http] GET /api/status · http://10.0.2.2:9281 unreachable: Failed to connect to /10.0.2.2:9281
09-15 13:29:07.672 E [http] GET /api/cron/jobs - no address reachable
09-15 13:29:07.672 E [http] GET /api/status - no address reachable
09-15 13:29:16.685 E [ws] failed http=- — ConnectException: Failed to connect to /10.0.2.2:9281 · RealConnection.connectSocket:297 ← RealConnection.connect:207 ← ExchangeFinder.findConnection:226 ← ExchangeFinder.findHealthyConnection:106
09-15 13:29:16.686 D [ws] reconnect #13 in 30000ms
09-15 13:29:23.209 W [http] GET /api/status · http://10.0.2.2:9281 unreachable: Failed to connect to /10.0.2.2:9281
09-15 13:29:23.210 E [http] GET /api/status - no address reachable
09-15 13:29:23.709 W [http] GET /api/status · http://10.0.2.2:9281 unreachable: Failed to connect to /10.0.2.2:9281
09-15 13:29:23.709 W [http] GET /api/cron/jobs · http://10.0.2.2:9281 unreachable: Failed to connect to /10.0.2.2:9281
09-15 13:29:23.710 E [http] GET /api/status - no address reachable
09-15 13:29:23.710 E [http] GET /api/cron/jobs - no address reachable
09-15 13:29:39.235 W [http] GET /api/status · http://10.0.2.2:9281 unreachable: Failed to connect to /10.0.2.2:9281
09-15 13:29:39.239 E [http] GET /api/status - no address reachable
09-15 13:29:39.735 W [http] GET /api/cron/jobs · http://10.0.2.2:9281 unreachable: Failed to connect to /10.0.2.2:9281
09-15 13:29:39.735 W [http] GET /api/status · http://10.0.2.2:9281 unreachable: Failed to connect to /10.0.2.2:9281
09-15 13:29:39.736 E [http] GET /api/cron/jobs - no address reachable
09-15 13:29:39.737 E [http] GET /api/status - no address reachable
09-15 13:29:46.746 E [ws] failed http=- — ConnectException: Failed to connect to /10.0.2.2:9281 · RealConnection.connectSocket:297 ← RealConnection.connect:207 ← ExchangeFinder.findConnection:226 ← ExchangeFinder.findHealthyConnection:106
09-15 13:29:46.747 D [ws] reconnect #14 in 30000ms
09-15 13:29:55.261 W [http] GET /api/status · http://10.0.2.2:9281 unreachable: Failed to connect to /10.0.2.2:9281
09-15 13:29:55.262 E [http] GET /api/status - no address reachable
09-15 13:29:55.762 W [http] GET /api/status · http://10.0.2.2:9281 unreachable: Failed to connect to /10.0.2.2:9281
09-15 13:29:55.762 W [http] GET /api/cron/jobs · http://10.0.2.2:9281 unreachable: Failed to connect to /10.0.2.2:9281
09-15 13:29:55.762 E [http] GET /api/status - no address reachable
09-15 13:29:55.763 E [http] GET /api/cron/jobs - no address reachable
09-15 13:30:11.323 W [http] GET /api/status · http://10.0.2.2:9281 unreachable: Failed to connect to /10.0.2.2:9281
09-15 13:30:11.328 E [http] GET /api/status - no address reachable
09-15 13:30:11.823 W [http] GET /api/cron/jobs · http://10.0.2.2:9281 unreachable: Failed to connect to /10.0.2.2:9281
09-15 13:30:11.823 W [http] GET /api/status · http://10.0.2.2:9281 unreachable: Failed to connect to /10.0.2.2:9281
09-15 13:30:11.826 E [http] GET /api/cron/jobs - no address reachable
09-15 13:30:11.827 E [http] GET /api/status - no address reachable
09-15 13:30:17.333 E [ws] failed http=- — ConnectException: Failed to connect to /10.0.2.2:9281 · RealConnection.connectSocket:297 ← RealConnection.connect:207 ← ExchangeFinder.findConnection:226 ← ExchangeFinder.findHealthyConnection:106
09-15 13:30:17.338 D [ws] reconnect #15 in 30000ms
09-15 13:30:27.424 W [http] GET /api/status · http://10.0.2.2:9281 unreachable: Failed to connect to /10.0.2.2:9281
09-15 13:30:27.427 E [http] GET /api/status - no address reachable
09-15 13:30:27.921 W [http] GET /api/cron/jobs · http://10.0.2.2:9281 unreachable: Failed to connect to /10.0.2.2:9281
09-15 13:30:27.921 W [http] GET /api/status · http://10.0.2.2:9281 unreachable: Failed to connect to /10.0.2.2:9281
09-15 13:30:27.923 E [http] GET /api/cron/jobs - no address reachable
09-15 13:30:27.923 E [http] GET /api/status - no address reachable
09-15 13:30:43.444 W [http] GET /api/status · http://10.0.2.2:9281 unreachable: Failed to connect to /10.0.2.2:9281
09-15 13:30:43.446 E [http] GET /api/status - no address reachable
09-15 13:30:43.946 W [http] GET /api/status · http://10.0.2.2:9281 unreachable: Failed to connect to /10.0.2.2:9281
09-15 13:30:43.946 W [http] GET /api/cron/jobs · http://10.0.2.2:9281 unreachable: Failed to connect to /10.0.2.2:9281
09-15 13:30:43.948 E [http] GET /api/cron/jobs - no address reachable
09-15 13:30:43.948 E [http] GET /api/status - no address reachable
09-15 13:30:47.450 E [ws] failed http=- — ConnectException: Failed to connect to /10.0.2.2:9281 · RealConnection.connectSocket:297 ← RealConnection.connect:207 ← ExchangeFinder.findConnection:226 ← ExchangeFinder.findHealthyConnection:106
09-15 13:30:47.451 D [ws] reconnect #16 in 30000ms
09-15 13:30:58.989 W [http] GET /api/status · http://10.0.2.2:9281 unreachable: Failed to connect to /10.0.2.2:9281
09-15 13:30:58.990 E [http] GET /api/status - no address reachable
09-15 13:30:59.488 W [http] GET /api/cron/jobs · http://10.0.2.2:9281 unreachable: Failed to connect to /10.0.2.2:9281
09-15 13:30:59.488 W [http] GET /api/status · http://10.0.2.2:9281 unreachable: Failed to connect to /10.0.2.2:9281
09-15 13:30:59.489 E [http] GET /api/cron/jobs - no address reachable
09-15 13:30:59.490 E [http] GET /api/status - no address reachable
09-15 13:31:15.014 W [http] GET /api/status · http://10.0.2.2:9281 unreachable: Failed to connect to /10.0.2.2:9281
09-15 13:31:15.019 E [http] GET /api/status - no address reachable
09-15 13:31:15.511 W [http] GET /api/status · http://10.0.2.2:9281 unreachable: Failed to connect to /10.0.2.2:9281
09-15 13:31:15.511 W [http] GET /api/cron/jobs · http://10.0.2.2:9281 unreachable: Failed to connect to /10.0.2.2:9281
09-15 13:31:15.514 E [http] GET /api/status - no address reachable
09-15 13:31:15.514 E [http] GET /api/cron/jobs - no address reachable
09-15 13:31:17.511 E [ws] failed http=- — ConnectException: Failed to connect to /10.0.2.2:9281 · RealConnection.connectSocket:297 ← RealConnection.connect:207 ← ExchangeFinder.findConnection:226 ← ExchangeFinder.findHealthyConnection:106
09-15 13:31:17.513 D [ws] reconnect #17 in 30000ms
09-15 13:31:30.579 W [http] GET /api/status · http://10.0.2.2:9281 unreachable: Failed to connect to /10.0.2.2:9281
09-15 13:31:30.582 E [http] GET /api/status - no address reachable
09-15 13:31:31.079 W [http] GET /api/status · http://10.0.2.2:9281 unreachable: Failed to connect to /10.0.2.2:9281
09-15 13:31:31.079 W [http] GET /api/cron/jobs · http://10.0.2.2:9281 unreachable: Failed to connect to /10.0.2.2:9281
09-15 13:31:31.080 E [http] GET /api/status - no address reachable
09-15 13:31:31.081 E [http] GET /api/cron/jobs - no address reachable
09-15 13:31:46.603 W [http] GET /api/status · http://10.0.2.2:9281 unreachable: Failed to connect to /10.0.2.2:9281
09-15 13:31:46.606 E [http] GET /api/status - no address reachable
09-15 13:31:47.103 W [http] GET /api/cron/jobs · http://10.0.2.2:9281 unreachable: Failed to connect to /10.0.2.2:9281
09-15 13:31:47.103 W [http] GET /api/status · http://10.0.2.2:9281 unreachable: Failed to connect to /10.0.2.2:9281
09-15 13:31:47.105 E [http] GET /api/cron/jobs - no address reachable
09-15 13:31:47.105 E [http] GET /api/status - no address reachable
09-15 13:31:47.942 E [ws] failed http=- — ConnectException: Failed to connect to /10.0.2.2:9281 · RealConnection.connectSocket:297 ← RealConnection.connect:207 ← ExchangeFinder.findConnection:226 ← ExchangeFinder.findHealthyConnection:106
09-15 13:31:47.944 D [ws] reconnect #18 in 30000ms
09-15 13:32:02.460 W [http] GET /api/status · http://10.0.2.2:9281 unreachable: Failed to connect to /10.0.2.2:9281
09-15 13:32:02.462 E [http] GET /api/status - no address reachable
09-15 13:32:02.961 W [http] GET /api/cron/jobs · http://10.0.2.2:9281 unreachable: Failed to connect to /10.0.2.2:9281
09-15 13:32:02.961 W [http] GET /api/status · http://10.0.2.2:9281 unreachable: Failed to connect to /10.0.2.2:9281
09-15 13:32:02.962 E [http] GET /api/cron/jobs - no address reachable
09-15 13:32:02.963 E [http] GET /api/status - no address reachable
09-15 13:32:18.483 W [http] GET /api/status · http://10.0.2.2:9281 unreachable: Failed to connect to /10.0.2.2:9281
09-15 13:32:18.484 E [ws] failed http=- — ConnectException: Failed to connect to /10.0.2.2:9281 · RealConnection.connectSocket:297 ← RealConnection.connect:207 ← ExchangeFinder.findConnection:226 ← ExchangeFinder.findHealthyConnection:106
09-15 13:32:18.485 E [http] GET /api/status - no address reachable
09-15 13:32:18.486 D [ws] reconnect #19 in 30000ms
09-15 13:32:18.986 W [http] GET /api/cron/jobs · http://10.0.2.2:9281 unreachable: Failed to connect to /10.0.2.2:9281
09-15 13:32:18.986 W [http] GET /api/status · http://10.0.2.2:9281 unreachable: Failed to connect to /10.0.2.2:9281
09-15 13:32:18.987 E [http] GET /api/cron/jobs - no address reachable
09-15 13:32:18.988 E [http] GET /api/status - no address reachable
09-15 13:32:34.055 W [http] GET /api/status · http://10.0.2.2:9281 unreachable: Failed to connect to /10.0.2.2:9281
09-15 13:32:34.056 E [http] GET /api/status - no address reachable
09-15 13:32:34.556 W [http] GET /api/cron/jobs · http://10.0.2.2:9281 unreachable: Failed to connect to /10.0.2.2:9281
09-15 13:32:34.556 W [http] GET /api/status · http://10.0.2.2:9281 unreachable: Failed to connect to /10.0.2.2:9281
09-15 13:32:34.557 E [http] GET /api/cron/jobs - no address reachable
09-15 13:32:34.557 E [http] GET /api/status - no address reachable
09-15 13:32:48.577 E [ws] failed http=- — ConnectException: Failed to connect to /10.0.2.2:9281 · RealConnection.connectSocket:297 ← RealConnection.connect:207 ← ExchangeFinder.findConnection:226 ← ExchangeFinder.findHealthyConnection:106
09-15 13:32:48.579 D [ws] reconnect #20 in 30000ms
09-15 13:32:49.608 W [http] GET /api/status · http://10.0.2.2:9281 unreachable: Failed to connect to /10.0.2.2:9281
09-15 13:32:49.609 E [http] GET /api/status - no address reachable
09-15 13:32:49.636 W [http] GET /api/status · http://10.0.2.2:9281 unreachable: Failed to connect to /10.0.2.2:9281
09-15 13:32:49.636 W [http] GET /api/cron/jobs · http://10.0.2.2:9281 unreachable: Failed to connect to /10.0.2.2:9281
09-15 13:32:49.637 E [http] GET /api/status - no address reachable
09-15 13:32:49.637 E [http] GET /api/cron/jobs - no address reachable
09-15 13:33:04.977 W [http] GET /api/status · http://10.0.2.2:9281 unreachable: Failed to connect to /10.0.2.2:9281
09-15 13:33:04.980 E [http] GET /api/status - no address reachable
09-15 13:33:05.477 W [http] GET /api/status · http://10.0.2.2:9281 unreachable: Failed to connect to /10.0.2.2:9281
09-15 13:33:05.477 W [http] GET /api/cron/jobs · http://10.0.2.2:9281 unreachable: Failed to connect to /10.0.2.2:9281
09-15 13:33:05.479 E [http] GET /api/status - no address reachable
09-15 13:33:05.480 E [http] GET /api/cron/jobs - no address reachable
09-15 13:33:18.994 E [ws] failed http=- — ConnectException: Failed to connect to /10.0.2.2:9281 · RealConnection.connectSocket:297 ← RealConnection.connect:207 ← ExchangeFinder.findConnection:226 ← ExchangeFinder.findHealthyConnection:106
09-15 13:33:18.995 D [ws] reconnect #21 in 30000ms
09-15 13:33:21.000 W [http] GET /api/status · http://10.0.2.2:9281 unreachable: Failed to connect to /10.0.2.2:9281
09-15 13:33:21.002 E [http] GET /api/status - no address reachable
09-15 13:33:21.501 W [http] GET /api/cron/jobs · http://10.0.2.2:9281 unreachable: Failed to connect to /10.0.2.2:9281
09-15 13:33:21.501 W [http] GET /api/status · http://10.0.2.2:9281 unreachable: Failed to connect to /10.0.2.2:9281
09-15 13:33:21.503 E [http] GET /api/cron/jobs - no address reachable
09-15 13:33:21.503 E [http] GET /api/status - no address reachable
09-15 13:33:37.020 W [http] GET /api/status · http://10.0.2.2:9281 unreachable: Failed to connect to /10.0.2.2:9281
09-15 13:33:37.023 E [http] GET /api/status - no address reachable
09-15 13:33:37.519 W [http] GET /api/status · http://10.0.2.2:9281 unreachable: Failed to connect to /10.0.2.2:9281
09-15 13:33:37.519 W [http] GET /api/cron/jobs · http://10.0.2.2:9281 unreachable: Failed to connect to /10.0.2.2:9281
09-15 13:33:37.520 E [http] GET /api/status - no address reachable
09-15 13:33:37.520 E [http] GET /api/cron/jobs - no address reachable
09-15 13:33:49.543 E [ws] failed http=- — ConnectException: Failed to connect to /10.0.2.2:9281 · RealConnection.connectSocket:297 ← RealConnection.connect:207 ← ExchangeFinder.findConnection:226 ← ExchangeFinder.findHealthyConnection:106
09-15 13:33:49.548 D [ws] reconnect #22 in 30000ms
09-15 13:33:53.050 W [http] GET /api/status · http://10.0.2.2:9281 unreachable: Failed to connect to /10.0.2.2:9281
09-15 13:33:53.054 E [http] GET /api/status - no address reachable
09-15 13:33:53.546 W [http] GET /api/status · http://10.0.2.2:9281 unreachable: Failed to connect to /10.0.2.2:9281
09-15 13:33:53.546 W [http] GET /api/cron/jobs · http://10.0.2.2:9281 unreachable: Failed to connect to /10.0.2.2:9281
09-15 13:33:53.547 E [http] GET /api/status - no address reachable
09-15 13:33:53.548 E [http] GET /api/cron/jobs - no address reachable
09-15 13:33:55.157 I [app] started · Android 34 · Google sdk_gphone64_arm64
09-15 13:33:55.292 I [tur6seed] seed tamam: url=https://hermes.winterfell07.keenetic.pro bridge= agent=false readonly=true full=false token=*** karakter)
09-15 13:34:01.830 I [ws] connected
09-15 13:51:00.654 I [app] started · Android 34 · Google sdk_gphone64_arm64
09-15 13:51:02.658 I [ws] connected
09-15 13:58:34.336 I [app] started · Android 34 · Google sdk_gphone64_arm64
09-15 13:58:36.226 I [ws] connected
09-15 14:03:53.301 I [app] started · Android 34 · Google sdk_gphone64_arm64
09-15 14:03:54.981 I [ws] connected
09-15 14:20:11.741 W [http] GET /api/sessions · https://hermes.winterfell07.keenetic.pro unreachable: timeout
09-15 14:20:11.743 E [http] GET /api/sessions - no address reachable
09-15 14:42:32.393 I [app] started · Android 34 · Google sdk_gphone64_arm64
09-15 14:42:34.247 I [ws] connected
09-15 15:12:49.931 W [http] GET /api/status · https://hermes.winterfell07.keenetic.pro unreachable: timeout
09-15 15:12:49.934 E [http] GET /api/status - no address reachable
09-15 15:22:39.598 I [app] started · Android 34 · Google sdk_gphone64_arm64
09-15 15:22:41.717 I [ws] connected
09-15 15:24:37.212 I [app] started · Android 34 · Google sdk_gphone64_arm64
09-15 15:24:41.274 I [ws] connected
09-15 15:26:19.101 I [app] started · Android 34 · Google sdk_gphone64_arm64
09-15 15:26:20.735 I [ws] connected
09-15 15:27:14.359 I [app] started · Android 34 · Google sdk_gphone64_arm64
09-15 15:27:16.102 I [ws] connected
09-15 15:29:02.980 I [app] started · Android 34 · Google sdk_gphone64_arm64
09-15 15:29:04.807 I [ws] connected
09-15 15:30:17.462 I [app] started · Android 34 · Google sdk_gphone64_arm64
09-15 15:30:19.865 I [ws] connected
09-15 15:31:00.662 I [app] started · Android 34 · Google sdk_gphone64_arm64
09-15 15:31:03.009 I [ws] connected
09-15 15:33:27.030 W [http] GET /api/status · https://hermes.winterfell07.keenetic.pro unreachable: timeout
09-15 15:33:27.035 W [http] GET /api/cron/jobs · https://hermes.winterfell07.keenetic.pro unreachable: timeout
09-15 15:33:27.041 E [http] GET /api/status - no address reachable
09-15 15:33:27.041 E [http] GET /api/cron/jobs - no address reachable
09-15 15:34:13.843 W [http] GET /api/sessions/stats · https://hermes.winterfell07.keenetic.pro unreachable: timeout
09-15 15:34:13.847 E [http] GET /api/sessions/stats - no address reachable
09-15 15:34:23.048 E [ws] failed http=- — SocketTimeoutException: sent ping but didn't receive pong within 20000ms (after 8 successful ping/pongs) · RealWebSocket.writePingFrame$okhttp:563 ← RealWebSocket$initReaderAndWriter$lambda$3$$inlined$schedule$1.runOnce:219 ← TaskRunner.runTask:116 ← TaskRunner.access$runTask:42
09-15 15:34:23.051 D [ws] reconnect #1 in 300ms
09-15 15:34:29.047 I [ws] reconnected
09-15 15:34:29.075 I [chat] post-reconnect recovery · session=fb2e7567 · queued=0
09-15 15:35:01.134 I [app] started · Android 34 · Google sdk_gphone64_arm64
09-15 15:35:05.928 I [ws] connected
09-15 15:35:37.625 I [app] started · Android 34 · Google sdk_gphone64_arm64
09-15 15:35:40.432 I [ws] connected
09-15 15:37:40.571 I [app] started · Android 34 · Google sdk_gphone64_arm64
09-15 15:37:43.622 I [ws] connected
09-15 15:38:31.223 I [app] started · Android 34 · Google sdk_gphone64_arm64
09-15 15:38:33.627 I [ws] connected
09-15 15:39:49.369 I [app] started · Android 34 · Google sdk_gphone64_arm64
09-15 15:39:52.143 I [ws] connected
09-15 15:40:39.840 I [app] started · Android 34 · Google sdk_gphone64_arm64
09-15 15:40:41.705 I [ws] connected
09-15 15:45:28.082 W [http] GET /api/status -> 502 · 
09-15 15:46:05.644 W [http] GET /api/status · https://hermes.winterfell07.keenetic.pro unreachable: timeout
09-15 15:46:05.649 E [http] GET /api/status - no address reachable
09-15 15:47:32.349 I [app] started · Android 34 · Google sdk_gphone64_arm64
09-15 15:47:34.501 I [ws] connected
09-15 15:52:01.172 I [app] started · Android 34 · Google sdk_gphone64_arm64
09-15 15:52:03.477 I [ws] connected
09-15 16:20:25.988 W [http] GET /api/status · https://hermes.winterfell07.keenetic.pro unreachable: timeout
09-15 16:20:26.013 E [http] GET /api/status - no address reachable
09-15 16:20:44.055 E [ws] failed http=- — SocketTimeoutException: sent ping but didn't receive pong within 20000ms (after 84 successful ping/pongs) · RealWebSocket.writePingFrame$okhttp:563 ← RealWebSocket$initReaderAndWriter$lambda$3$$inlined$schedule$1.runOnce:219 ← TaskRunner.runTask:116 ← TaskRunner.access$runTask:42
09-15 16:20:44.057 D [ws] reconnect #1 in 300ms
09-15 16:20:47.047 W [http] GET /api/cron/jobs · https://hermes.winterfell07.keenetic.pro unreachable: timeout
09-15 16:20:47.054 E [http] GET /api/cron/jobs - no address reachable
09-15 16:20:47.054 W [http] GET /api/status · https://hermes.winterfell07.keenetic.pro unreachable: timeout
09-15 16:20:47.057 E [http] GET /api/status - no address reachable
09-15 16:21:04.665 I [ws] reconnected
09-15 16:21:04.723 I [chat] post-reconnect recovery · session=fb2e7567 · queued=0
09-15 17:06:21.438 W [http] GET /api/status · https://hermes.winterfell07.keenetic.pro unreachable: timeout
09-15 17:06:21.463 E [http] GET /api/status - no address reachable
09-15 17:12:04.924 W [http] GET /api/status · https://hermes.winterfell07.keenetic.pro unreachable: timeout
09-15 17:12:04.993 E [http] GET /api/status - no address reachable
09-15 17:15:36.118 W [http] GET /api/status · https://hermes.winterfell07.keenetic.pro unreachable: Failed to connect to hermes.winterfell07.keenetic.pro/[2001:2::c633:640b]:443
09-15 17:15:36.627 E [http] GET /api/status - no address reachable
09-15 17:15:41.256 W [http] GET /api/cron/jobs · https://hermes.winterfell07.keenetic.pro unreachable: Failed to connect to hermes.winterfell07.keenetic.pro/[2001:2::c633:640b]:443
09-15 17:15:41.259 E [http] GET /api/cron/jobs - no address reachable
09-15 17:15:41.273 W [http] GET /api/status · https://hermes.winterfell07.keenetic.pro unreachable: Failed to connect to hermes.winterfell07.keenetic.pro/[2001:2::c633:640b]:443
09-15 17:15:41.311 E [http] GET /api/status - no address reachable
09-15 17:15:43.808 E [ws] failed http=- — SocketException: Software caused connection abort · SocketInputStream.socketRead0:-2 ← SocketInputStream.socketRead:118 ← SocketInputStream.read:173 ← SocketInputStream.read:143
09-15 17:15:44.012 D [ws] reconnect #1 in 300ms
09-15 17:15:44.716 E [ws] failed http=- — UnknownHostException: Unable to resolve host "hermes.winterfell07.keenetic.pro": No address associated with hostname · Inet6AddressImpl.lookupHostByName:156 ← Inet6AddressImpl.lookupAllHostAddr:103 ← InetAddress.getAllByName:1152 ← Dns$Companion$DnsSystem.lookup:49
09-15 17:15:44.749 D [ws] reconnect #2 in 4000ms
09-15 17:15:49.861 I [ws] reconnected
09-15 17:15:49.890 I [chat] post-reconnect recovery · session=fb2e7567 · queued=0
09-15 17:16:28.556 E [ws] failed http=- — SocketException: Software caused connection abort · SocketInputStream.socketRead0:-2 ← SocketInputStream.socketRead:118 ← SocketInputStream.read:173 ← SocketInputStream.read:143
09-15 17:16:28.559 D [ws] reconnect #1 in 300ms
09-15 17:16:30.478 I [ws] reconnected
09-15 17:16:30.484 I [chat] post-reconnect recovery · session=fb2e7567 · queued=0
09-15 17:26:56.481 W [http] GET /api/cron/jobs -> 502 · 
09-15 17:26:57.160 W [http] GET /api/status -> 502 · 
09-15 17:33:40.335 E [ws] failed http=- — SocketException: Software caused connection abort · SocketInputStream.socketRead0:-2 ← SocketInputStream.socketRead:118 ← SocketInputStream.read:173 ← SocketInputStream.read:143
09-15 17:33:40.533 D [ws] reconnect #1 in 300ms
09-15 17:33:41.094 E [ws] failed http=- — UnknownHostException: Unable to resolve host "hermes.winterfell07.keenetic.pro": No address associated with hostname · Inet6AddressImpl.lookupHostByName:156 ← Inet6AddressImpl.lookupAllHostAddr:103 ← InetAddress.getAllByName:1152 ← Dns$Companion$DnsSystem.lookup:49
09-15 17:33:41.095 D [ws] reconnect #2 in 4000ms
09-15 17:33:45.762 I [ws] reconnected
09-15 17:33:45.797 I [chat] post-reconnect recovery · session=fb2e7567 · queued=0
09-15 17:34:37.231 E [ws] failed http=- — SocketException: Software caused connection abort · SocketInputStream.socketRead0:-2 ← SocketInputStream.socketRead:118 ← SocketInputStream.read:173 ← SocketInputStream.read:143
09-15 17:34:37.283 D [ws] reconnect #1 in 300ms
09-15 17:34:41.387 I [ws] reconnected
09-15 17:34:41.426 I [chat] post-reconnect recovery · session=fb2e7567 · queued=0
09-15 17:36:25.562 W [http] GET /api/status -> 502 · <html>
<head><title>502 Bad Gateway</title></head>
<body>
<center><h1>502 Bad Gateway</h1></center>
<hr><center>Web server</center>
</body>
</html>

09-15 17:36:26.453 W [http] GET /api/cron/jobs -> 502 · <html>
<head><title>502 Bad Gateway</title></head>
<body>
<center><h1>502 Bad Gateway</h1></center>
<hr><center>Web server</center>
</body>
</html>

09-15 17:36:26.469 W [http] GET /api/status -> 502 · <html>
<head><title>502 Bad Gateway</title></head>
<body>
<center><h1>502 Bad Gateway</h1></center>
<hr><center>Web server</center>
</body>
</html>

09-15 17:36:26.891 E [ws] failed http=- — EOFException: null · RealBufferedSource.require:202 ← RealBufferedSource.readByte:212 ← WebSocketReader.readHeader:119 ← WebSocketReader.processNextFrame:102
09-15 17:36:26.892 D [ws] reconnect #1 in 300ms
09-15 17:36:27.923 E [ws] failed http=502 — ProtocolException: Expected HTTP 101 response but was '502 Bad Gateway' · RealWebSocket.checkUpgradeSuccess$okhttp:224 ← RealWebSocket$connect$1.onResponse:170 ← RealCall$AsyncCall.run:519 ← ThreadPoolExecutor.runWorker:1145
09-15 17:36:27.924 D [ws] reconnect #2 in 4000ms
09-15 17:36:31.947 E [ws] failed http=502 — ProtocolException: Expected HTTP 101 response but was '502 Bad Gateway' · RealWebSocket.checkUpgradeSuccess$okhttp:224 ← RealWebSocket$connect$1.onResponse:170 ← RealCall$AsyncCall.run:519 ← ThreadPoolExecutor.runWorker:1145
09-15 17:36:31.948 D [ws] reconnect #3 in 8000ms
09-15 17:36:39.962 E [ws] failed http=502 — ProtocolException: Expected HTTP 101 response but was '502 Bad Gateway' · RealWebSocket.checkUpgradeSuccess$okhttp:224 ← RealWebSocket$connect$1.onResponse:170 ← RealCall$AsyncCall.run:519 ← ThreadPoolExecutor.runWorker:1145
09-15 17:36:39.964 D [ws] reconnect #4 in 16000ms
09-15 17:36:42.580 W [http] GET /api/status -> 502 · <html>
<head><title>502 Bad Gateway</title></head>
<body>
<center><h1>502 Bad Gateway</h1></center>
<hr><center>Web server</center>
</body>
</html>

09-15 17:36:43.609 W [http] GET /api/cron/jobs -> 502 · <html>
<head><title>502 Bad Gateway</title></head>
<body>
<center><h1>502 Bad Gateway</h1></center>
<hr><center>Web server</center>
</body>
</html>

09-15 17:36:43.611 W [http] GET /api/status -> 502 · <html>
<head><title>502 Bad Gateway</title></head>
<body>
<center><h1>502 Bad Gateway</h1></center>
<hr><center>Web server</center>
</body>
</html>

09-15 17:36:55.995 E [ws] failed http=502 — ProtocolException: Expected HTTP 101 response but was '502 Bad Gateway' · RealWebSocket.checkUpgradeSuccess$okhttp:224 ← RealWebSocket$connect$1.onResponse:170 ← RealCall$AsyncCall.run:519 ← ThreadPoolExecutor.runWorker:1145
09-15 17:36:55.996 D [ws] reconnect #5 in 30000ms
09-15 17:36:59.540 W [http] GET /api/status -> 502 · <html>
<head><title>502 Bad Gateway</title></head>
<body>
<center><h1>502 Bad Gateway</h1></center>
<hr><center>Web server</center>
</body>
</html>

09-15 17:37:00.572 W [http] GET /api/status -> 502 · <html>
<head><title>502 Bad Gateway</title></head>
<body>
<center><h1>502 Bad Gateway</h1></center>
<hr><center>Web server</center>
</body>
</html>

09-15 17:37:00.604 W [http] GET /api/cron/jobs -> 502 · <html>
<head><title>502 Bad Gateway</title></head>
<body>
<center><h1>502 Bad Gateway</h1></center>
<hr><center>Web server</center>
</body>
</html>

09-15 17:37:16.697 W [http] GET /api/status -> 502 · <html>
<head><title>502 Bad Gateway</title></head>
<body>
<center><h1>502 Bad Gateway</h1></center>
<hr><center>Web server</center>
</body>
</html>

09-15 17:37:17.745 W [http] GET /api/cron/jobs -> 502 · <html>
<head><title>502 Bad Gateway</title></head>
<body>
<center><h1>502 Bad Gateway</h1></center>
<hr><center>Web server</center>
</body>
</html>

09-15 17:37:17.750 W [http] GET /api/status -> 502 · <html>
<head><title>502 Bad Gateway</title></head>
<body>
<center><h1>502 Bad Gateway</h1></center>
<hr><center>Web server</center>
</body>
</html>

09-15 17:37:26.207 I [ws] reconnected
09-15 17:37:26.240 I [chat] post-reconnect recovery · session=fb2e7567 · queued=0
09-15 17:37:26.363 E [chat] could not re-attach to session — IllegalStateException: session not found · GatewayWsClient.handleFrame:324 ← GatewayWsClient.access$handleFrame:47 ← GatewayWsClient$Listener.onMessage:376 ← RealWebSocket.onReadMessage:333
09-15 17:37:34.046 W [http] GET /api/status -> 502 · <html>
<head><title>502 Bad Gateway</title></head>
<body>
<center><h1>502 Bad Gateway</h1></center>
<hr><center>Web server</center>
</body>
</html>

09-15 17:37:34.870 W [http] GET /api/cron/jobs -> 502 · <html>
<head><title>502 Bad Gateway</title></head>
<body>
<center><h1>502 Bad Gateway</h1></center>
<hr><center>Web server</center>
</body>
</html>

09-15 17:37:34.870 W [http] GET /api/status -> 502 · <html>
<head><title>502 Bad Gateway</title></head>
<body>
<center><h1>502 Bad Gateway</h1></center>
<hr><center>Web server</center>
</body>
</html>

09-15 17:37:36.974 E [ws] failed http=- — EOFException: null · RealBufferedSource.require:202 ← RealBufferedSource.readByte:212 ← WebSocketReader.readHeader:119 ← WebSocketReader.processNextFrame:102
09-15 17:37:36.975 D [ws] reconnect #1 in 300ms
09-15 17:37:38.002 E [ws] failed http=502 — ProtocolException: Expected HTTP 101 response but was '502 Bad Gateway' · RealWebSocket.checkUpgradeSuccess$okhttp:224 ← RealWebSocket$connect$1.onResponse:170 ← RealCall$AsyncCall.run:519 ← ThreadPoolExecutor.runWorker:1145
09-15 17:37:38.003 D [ws] reconnect #2 in 4000ms
09-15 17:37:42.020 E [ws] failed http=502 — ProtocolException: Expected HTTP 101 response but was '502 Bad Gateway' · RealWebSocket.checkUpgradeSuccess$okhttp:224 ← RealWebSocket$connect$1.onResponse:170 ← RealCall$AsyncCall.run:519 ← ThreadPoolExecutor.runWorker:1145
09-15 17:37:42.023 D [ws] reconnect #3 in 8000ms
09-15 17:37:50.037 E [ws] failed http=502 — ProtocolException: Expected HTTP 101 response but was '502 Bad Gateway' · RealWebSocket.checkUpgradeSuccess$okhttp:224 ← RealWebSocket$connect$1.onResponse:170 ← RealCall$AsyncCall.run:519 ← ThreadPoolExecutor.runWorker:1145
09-15 17:37:50.038 D [ws] reconnect #4 in 16000ms
09-15 17:37:50.554 W [http] GET /api/status -> 502 · <html>
<head><title>502 Bad Gateway</title></head>
<body>
<center><h1>502 Bad Gateway</h1></center>
<hr><center>Web server</center>
</body>
</html>

09-15 17:37:51.575 W [http] GET /api/cron/jobs -> 502 · <html>
<head><title>502 Bad Gateway</title></head>
<body>
<center><h1>502 Bad Gateway</h1></center>
<hr><center>Web server</center>
</body>
</html>

09-15 17:37:51.575 W [http] GET /api/status -> 502 · <html>
<head><title>502 Bad Gateway</title></head>
<body>
<center><h1>502 Bad Gateway</h1></center>
<hr><center>Web server</center>
</body>
</html>

09-15 17:38:06.060 E [ws] failed http=502 — ProtocolException: Expected HTTP 101 response but was '502 Bad Gateway' · RealWebSocket.checkUpgradeSuccess$okhttp:224 ← RealWebSocket$connect$1.onResponse:170 ← RealCall$AsyncCall.run:519 ← ThreadPoolExecutor.runWorker:1145
09-15 17:38:06.063 D [ws] reconnect #5 in 30000ms
09-15 17:38:07.587 W [http] GET /api/status -> 502 · <html>
<head><title>502 Bad Gateway</title></head>
<body>
<center><h1>502 Bad Gateway</h1></center>
<hr><center>Web server</center>
</body>
</html>

09-15 17:38:08.644 W [http] GET /api/cron/jobs -> 502 · <html>
<head><title>502 Bad Gateway</title></head>
<body>
<center><h1>502 Bad Gateway</h1></center>
<hr><center>Web server</center>
</body>
</html>

09-15 17:38:08.644 W [http] GET /api/status -> 502 · <html>
<head><title>502 Bad Gateway</title></head>
<body>
<center><h1>502 Bad Gateway</h1></center>
<hr><center>Web server</center>
</body>
</html>

09-15 17:38:24.835 W [http] GET /api/status -> 502 · <html>
<head><title>502 Bad Gateway</title></head>
<body>
<center><h1>502 Bad Gateway</h1></center>
<hr><center>Web server</center>
</body>
</html>

09-15 17:38:25.865 W [http] GET /api/status -> 502 · <html>
<head><title>502 Bad Gateway</title></head>
<body>
<center><h1>502 Bad Gateway</h1></center>
<hr><center>Web server</center>
</body>
</html>

09-15 17:38:25.865 W [http] GET /api/cron/jobs -> 502 · <html>
<head><title>502 Bad Gateway</title></head>
<body>
<center><h1>502 Bad Gateway</h1></center>
<hr><center>Web server</center>
</body>
</html>

09-15 17:38:36.124 E [ws] failed http=502 — ProtocolException: Expected HTTP 101 response but was '502 Bad Gateway' · RealWebSocket.checkUpgradeSuccess$okhttp:224 ← RealWebSocket$connect$1.onResponse:170 ← RealCall$AsyncCall.run:519 ← ThreadPoolExecutor.runWorker:1145
09-15 17:38:36.127 D [ws] reconnect #6 in 30000ms
09-15 17:38:41.757 W [http] GET /api/status -> 502 · <html>
<head><title>502 Bad Gateway</title></head>
<body>
<center><h1>502 Bad Gateway</h1></center>
<hr><center>Web server</center>
</body>
</html>

09-15 17:38:42.828 W [http] GET /api/status -> 502 · <html>
<head><title>502 Bad Gateway</title></head>
<body>
<center><h1>502 Bad Gateway</h1></center>
<hr><center>Web server</center>
</body>
</html>

09-15 17:38:42.835 W [http] GET /api/cron/jobs -> 502 · <html>
<head><title>502 Bad Gateway</title></head>
<body>
<center><h1>502 Bad Gateway</h1></center>
<hr><center>Web server</center>
</body>
</html>

09-15 17:38:58.561 W [http] GET /api/status -> 502 · <html>
<head><title>502 Bad Gateway</title></head>
<body>
<center><h1>502 Bad Gateway</h1></center>
<hr><center>Web server</center>
</body>
</html>

09-15 17:38:59.663 W [http] GET /api/status -> 502 · <html>
<head><title>502 Bad Gateway</title></head>
<body>
<center><h1>502 Bad Gateway</h1></center>
<hr><center>Web server</center>
</body>
</html>

09-15 17:38:59.666 W [http] GET /api/cron/jobs -> 502 · <html>
<head><title>502 Bad Gateway</title></head>
<body>
<center><h1>502 Bad Gateway</h1></center>
<hr><center>Web server</center>
</body>
</html>

09-15 17:39:06.183 E [ws] failed http=502 — ProtocolException: Expected HTTP 101 response but was '502 Bad Gateway' · RealWebSocket.checkUpgradeSuccess$okhttp:224 ← RealWebSocket$connect$1.onResponse:170 ← RealCall$AsyncCall.run:519 ← ThreadPoolExecutor.runWorker:1145
09-15 17:39:06.189 D [ws] reconnect #7 in 30000ms
09-15 17:39:15.792 W [http] GET /api/status -> 502 · <html>
<head><title>502 Bad Gateway</title></head>
<body>
<center><h1>502 Bad Gateway</h1></center>
<hr><center>Web server</center>
</body>
</html>

09-15 17:39:16.651 W [http] GET /api/status -> 502 · <html>
<head><title>502 Bad Gateway</title></head>
<body>
<center><h1>502 Bad Gateway</h1></center>
<hr><center>Web server</center>
</body>
</html>

09-15 17:39:16.660 W [http] GET /api/cron/jobs -> 502 · <html>
<head><title>502 Bad Gateway</title></head>
<body>
<center><h1>502 Bad Gateway</h1></center>
<hr><center>Web server</center>
</body>
</html>

09-15 17:39:36.207 I [ws] reconnected
09-15 17:39:36.210 I [chat] post-reconnect recovery · session=fb2e7567 · queued=0
09-15 17:39:36.297 E [chat] could not re-attach to session — IllegalStateException: session not found · GatewayWsClient.handleFrame:324 ← GatewayWsClient.access$handleFrame:47 ← GatewayWsClient$Listener.onMessage:376 ← RealWebSocket.onReadMessage:333
09-15 17:55:12.120 E [ws] failed http=- — SocketTimeoutException: sent ping but didn't receive pong within 20000ms (after 44 successful ping/pongs) · RealWebSocket.writePingFrame$okhttp:563 ← RealWebSocket$initReaderAndWriter$lambda$3$$inlined$schedule$1.runOnce:219 ← TaskRunner.runTask:116 ← TaskRunner.access$runTask:42
09-15 17:55:12.429 D [ws] reconnect #1 in 300ms
09-15 17:55:13.247 E [ws] failed http=- — UnknownHostException: Unable to resolve host "hermes.winterfell07.keenetic.pro": No address associated with hostname · Inet6AddressImpl.lookupHostByName:156 ← Inet6AddressImpl.lookupAllHostAddr:103 ← InetAddress.getAllByName:1152 ← Dns$Companion$DnsSystem.lookup:49
09-15 17:55:13.281 D [ws] reconnect #2 in 4000ms
09-15 17:55:16.189 W [http] GET /api/status · https://hermes.winterfell07.keenetic.pro unreachable: Unable to resolve host "hermes.winterfell07.keenetic.pro": No address associated with hostname
09-15 17:55:16.288 E [http] GET /api/status - no address reachable
09-15 17:55:16.438 W [http] GET /api/cron/jobs · https://hermes.winterfell07.keenetic.pro unreachable: Unable to resolve host "hermes.winterfell07.keenetic.pro": No address associated with hostname
09-15 17:55:16.438 E [http] GET /api/cron/jobs - no address reachable
09-15 17:55:16.439 W [http] GET /api/status · https://hermes.winterfell07.keenetic.pro unreachable: Unable to resolve host "hermes.winterfell07.keenetic.pro": No address associated with hostname
09-15 17:55:16.440 E [http] GET /api/status - no address reachable
09-15 17:55:17.473 E [ws] failed http=- — UnknownHostException: Unable to resolve host "hermes.winterfell07.keenetic.pro": No address associated with hostname · Inet6AddressImpl.lookupHostByName:124 ← Inet6AddressImpl.lookupAllHostAddr:103 ← InetAddress.getAllByName:1152 ← Dns$Companion$DnsSystem.lookup:49
09-15 17:55:17.535 D [ws] reconnect #3 in 8000ms
09-15 17:55:27.268 I [ws] reconnected
09-15 17:55:27.555 I [chat] post-reconnect recovery · session=fb2e7567 · queued=0
09-15 17:55:27.771 E [chat] could not re-attach to session — IllegalStateException: session not found · GatewayWsClient.handleFrame:324 ← GatewayWsClient.access$handleFrame:47 ← GatewayWsClient$Listener.onMessage:376 ← RealWebSocket.onReadMessage:333
09-15 18:38:20.021 I [app] started · Android 34 · Google sdk_gphone64_arm64
09-15 18:38:22.036 I [ws] connected
09-15 18:38:23.052 W [http] GET /api/sessions/fb2e7567/messages -> 404 · {"detail":"Session not found"}
09-15 18:38:52.016 D [await] gec start onaylandi ve durduruldu (yaris kapatildi)
09-15 18:38:52.066 D [await] gec start onaylandi ve durduruldu (yaris kapatildi)
09-15 18:38:52.115 D [await] gec start onaylandi ve durduruldu (yaris kapatildi)
09-15 18:38:52.164 D [await] gec start onaylandi ve durduruldu (yaris kapatildi)
09-15 18:38:52.218 D [await] gec start onaylandi ve durduruldu (yaris kapatildi)
09-15 18:38:52.273 D [await] gec start onaylandi ve durduruldu (yaris kapatildi)
09-15 18:38:52.321 D [await] gec start onaylandi ve durduruldu (yaris kapatildi)
09-15 18:38:52.369 D [await] gec start onaylandi ve durduruldu (yaris kapatildi)
09-15 18:38:52.421 D [await] gec start onaylandi ve durduruldu (yaris kapatildi)
09-15 18:38:52.468 D [await] gec start onaylandi ve durduruldu (yaris kapatildi)
09-15 18:38:52.512 D [await] gec start onaylandi ve durduruldu (yaris kapatildi)
09-15 18:38:52.561 D [await] gec start onaylandi ve durduruldu (yaris kapatildi)
09-15 18:38:52.607 D [await] gec start onaylandi ve durduruldu (yaris kapatildi)
09-15 18:38:52.655 D [await] gec start onaylandi ve durduruldu (yaris kapatildi)
09-15 18:38:52.707 D [await] gec start onaylandi ve durduruldu (yaris kapatildi)
09-15 18:38:52.762 D [await] gec start onaylandi ve durduruldu (yaris kapatildi)
09-15 18:38:52.819 D [await] gec start onaylandi ve durduruldu (yaris kapatildi)
09-15 18:38:52.866 D [await] gec start onaylandi ve durduruldu (yaris kapatildi)
09-15 18:38:52.914 D [await] gec start onaylandi ve durduruldu (yaris kapatildi)
09-15 18:38:52.960 D [await] gec start onaylandi ve durduruldu (yaris kapatildi)
09-15 19:09:53.096 E [ws] failed http=- — EOFException: null · RealBufferedSource.require:202 ← RealBufferedSource.readByte:212 ← WebSocketReader.readHeader:119 ← WebSocketReader.processNextFrame:102
09-15 19:09:53.101 W [conn] kopma ozeti · son 5 dk 1 · ws=unknown(19:09:53)
09-15 19:09:53.104 D [ws] reconnect #1 in 241ms
09-15 19:09:54.132 E [ws] failed http=502 — ProtocolException: Expected HTTP 101 response but was '502 Bad Gateway' · RealWebSocket.checkUpgradeSuccess$okhttp:224 ← RealWebSocket$connect$1.onResponse:170 ← RealCall$AsyncCall.run:519 ← ThreadPoolExecutor.runWorker:1145
09-15 19:09:54.134 W [conn] kopma ozeti · son 5 dk 2 · ws=unknown(19:09:53) ← ws=unknown(19:09:54)
09-15 19:09:54.136 D [ws] reconnect #2 in 3172ms
09-15 19:09:57.360 E [ws] failed http=502 — ProtocolException: Expected HTTP 101 response but was '502 Bad Gateway' · RealWebSocket.checkUpgradeSuccess$okhttp:224 ← RealWebSocket$connect$1.onResponse:170 ← RealCall$AsyncCall.run:519 ← ThreadPoolExecutor.runWorker:1145
09-15 19:09:57.365 W [conn] kopma ozeti · son 5 dk 3 · ws=unknown(19:09:53) ← ws=unknown(19:09:54) ← ws=unknown(19:09:57)
09-15 19:09:57.367 D [ws] reconnect #3 in 8585ms
09-15 19:10:05.978 I [ws] reconnected
09-15 19:10:06.023 I [chat] post-reconnect recovery · session=none · queued=0
09-15 19:10:17.195 E [ws] failed http=- — EOFException: null · RealBufferedSource.require:202 ← RealBufferedSource.readByte:212 ← WebSocketReader.readHeader:119 ← WebSocketReader.processNextFrame:102
09-15 19:10:17.196 W [conn] kopma ozeti · son 5 dk 4 · ws=unknown(19:09:54) ← ws=unknown(19:09:57) ← ws=unknown(19:10:17)
09-15 19:10:17.197 D [ws] reconnect #1 in 260ms
09-15 19:10:17.210 W [http] GET /api/status -> 502 · <html>
<head><title>502 Bad Gateway</title></head>
<body>
<center><h1>502 Bad Gateway</h1></center>
<hr><center>Web server</center>
</body>
</html>

09-15 19:10:18.254 W [http] GET /api/status -> 502 · <html>
<head><title>502 Bad Gateway</title></head>
<body>
<center><h1>502 Bad Gateway</h1></center>
<hr><center>Web server</center>
</body>
</html>

09-15 19:10:18.254 W [http] GET /api/cron/jobs -> 502 · <html>
<head><title>502 Bad Gateway</title></head>
<body>
<center><h1>502 Bad Gateway</h1></center>
<hr><center>Web server</center>
</body>
</html>

09-15 19:10:18.255 E [ws] failed http=502 — ProtocolException: Expected HTTP 101 response but was '502 Bad Gateway' · RealWebSocket.checkUpgradeSuccess$okhttp:224 ← RealWebSocket$connect$1.onResponse:170 ← RealCall$AsyncCall.run:519 ← ThreadPoolExecutor.runWorker:1145
09-15 19:10:18.257 W [conn] kopma ozeti · son 5 dk 5 · ws=unknown(19:09:57) ← ws=unknown(19:10:17) ← ws=unknown(19:10:18)
09-15 19:10:18.257 D [ws] reconnect #2 in 4068ms
09-15 19:10:22.648 E [ws] failed http=502 — ProtocolException: Expected HTTP 101 response but was '502 Bad Gateway' · RealWebSocket.checkUpgradeSuccess$okhttp:224 ← RealWebSocket$connect$1.onResponse:170 ← RealCall$AsyncCall.run:519 ← ThreadPoolExecutor.runWorker:1145
09-15 19:10:22.653 W [conn] kopma ozeti · son 5 dk 6 · ws=unknown(19:10:17) ← ws=unknown(19:10:18) ← ws=unknown(19:10:22)
09-15 19:10:22.656 D [ws] reconnect #3 in 6059ms
09-15 19:10:28.861 I [ws] reconnected
09-15 19:10:28.877 I [chat] post-reconnect recovery · session=none · queued=0
09-15 21:07:52.975 W [ws] closed code=1001 reason=-
09-15 21:07:52.981 W [conn] kopma ozeti · son 5 dk 1 · ws=unknown(19:10:18) ← ws=unknown(19:10:22) ← ws=unknown(21:07:52)
09-15 21:07:52.982 D [ws] reconnect #1 in 253ms
09-15 21:07:53.986 I [ws] reconnected
09-15 21:07:53.988 I [chat] post-reconnect recovery · session=none · queued=0
09-15 21:14:26.813 E [ws] failed http=- — SocketException: Software caused connection abort · SocketInputStream.socketRead0:-2 ← SocketInputStream.socketRead:118 ← SocketInputStream.read:173 ← SocketInputStream.read:143
09-15 21:14:28.695 W [http] GET /api/status · https://hermes.winterfell07.keenetic.pro unreachable (1. kez - 30sn devre disi): Failed to connect to hermes.winterfell07.keenetic.pro/[2001:2::c633:640b]:443
09-15 21:14:29.152 E [http] GET /api/status - no address reachable
09-15 21:14:29.193 W [conn] kopma ozeti · son 5 dk 1 · ws=unknown(19:10:22) ← ws=unknown(21:07:52) ← ws=unknown(21:14:29)
09-15 21:14:29.313 D [ws] reconnect #1 in 319ms
09-15 21:14:29.803 W [http] GET /api/cron/jobs · https://hermes.winterfell07.keenetic.pro unreachable (2. kez - 120sn devre disi): Unable to resolve host "hermes.winterfell07.keenetic.pro": No address associated with hostname
09-15 21:14:29.886 W [http] GET /api/status · https://hermes.winterfell07.keenetic.pro unreachable (3. kez - 300sn devre disi): Unable to resolve host "hermes.winterfell07.keenetic.pro": No address associated with hostname
09-15 21:14:30.119 E [http] GET /api/status - no address reachable
09-15 21:14:30.095 E [http] GET /api/cron/jobs - no address reachable
09-15 21:14:30.451 E [ws] failed http=- — UnknownHostException: Unable to resolve host "hermes.winterfell07.keenetic.pro": No address associated with hostname · Inet6AddressImpl.lookupHostByName:156 ← Inet6AddressImpl.lookupAllHostAddr:103 ← InetAddress.getAllByName:1152 ← Dns$Companion$DnsSystem.lookup:49
09-15 21:14:30.607 W [conn] kopma ozeti · son 5 dk 2 · ws=unknown(21:07:52) ← ws=unknown(21:14:29) ← ws=unknown(21:14:30)
09-15 21:14:30.859 D [ws] reconnect #2 in 3392ms
09-15 21:14:34.644 I [ws] reconnected
09-15 21:14:34.648 I [chat] post-reconnect recovery · session=none · queued=0
09-15 21:15:07.257 E [ws] failed http=- — SocketException: Software caused connection abort · SocketInputStream.socketRead0:-2 ← SocketInputStream.socketRead:118 ← SocketInputStream.read:173 ← SocketInputStream.read:143
09-15 21:15:07.264 W [conn] kopma ozeti · son 5 dk 3 · ws=unknown(21:14:29) ← ws=unknown(21:14:30) ← ws=unknown(21:15:07)
09-15 21:15:07.266 D [ws] reconnect #1 in 341ms
09-15 21:15:08.413 I [ws] reconnected
09-15 21:15:08.415 I [chat] post-reconnect recovery · session=none · queued=0
09-15 21:39:39.121 I [app] started · Android 34 · Google sdk_gphone64_arm64
09-15 21:39:39.766 I [voice] calisan ses ucu: http://10.0.2.2:8199
09-15 21:41:28.798 I [app] started · Android 34 · Google sdk_gphone64_arm64
09-15 21:41:31.230 I [ws] connected
09-15 22:27:48.519 I [app] started · Android 34 · Google sdk_gphone64_arm64
09-15 22:27:51.435 I [ws] connected
09-15 22:28:21.151 I [voice] calisan ses ucu: https://hermes.winterfell07.keenetic.pro/voice-api
09-15 22:29:19.654 E [ws] failed http=- — SocketException: Software caused connection abort · SocketInputStream.socketRead0:-2 ← SocketInputStream.socketRead:118 ← SocketInputStream.read:173 ← SocketInputStream.read:143
09-15 22:29:19.693 W [conn] kopma ozeti · son 5 dk 1 · ws=unknown(22:29:19)
09-15 22:29:19.718 D [ws] reconnect #1 in 342ms
09-15 22:29:20.132 I [ws] reconnected
09-15 22:29:20.134 I [chat] post-reconnect recovery · session=none · queued=0
09-15 22:29:55.245 E [ws] failed http=- — SocketException: Software caused connection abort · SocketInputStream.socketRead0:-2 ← SocketInputStream.socketRead:118 ← SocketInputStream.read:173 ← SocketInputStream.read:143
09-15 22:29:55.249 W [conn] kopma ozeti · son 5 dk 2 · ws=unknown(22:29:19) ← ws=unknown(22:29:55)
09-15 22:29:55.250 D [ws] reconnect #1 in 269ms
09-15 22:29:56.473 I [ws] reconnected
09-15 22:29:56.475 I [chat] post-reconnect recovery · session=none · queued=0
09-15 22:31:42.539 I [app] started · Android 34 · Google sdk_gphone64_arm64
09-15 22:31:54.199 I [ws] connected
09-15 22:32:17.647 I [voice] calisan ses ucu: https://hermes.winterfell07.keenetic.pro/voice-api
09-15 22:35:04.627 W [voice] /health · http://10.0.2.2: ulasilamadi: Failed to connect to /10.0.2.2:80
09-15 22:35:04.658 E [voice] /health basarisiz - Ses ucuna ulaşılamıyor (ev ağında :8174, dışarıda /voice-api) · http://10.0.2.2: (ulaşılamadı)
09-15 22:35:09.335 I [voice] calisan ses ucu: http://10.0.2.2:8199
09-15 22:38:23.509 I [app] started · Android 34 · Google sdk_gphone64_arm64
09-15 22:38:23.773 I [voice] calisan ses ucu: http://10.0.2.2:8199
09-15 22:39:57.937 I [app] started · Android 34 · Google sdk_gphone64_arm64
09-15 22:40:00.068 I [ws] connected
09-15 22:40:21.821 I [voice] calisan ses ucu: http://10.0.2.2:8199
09-15 22:40:56.049 I [app] started · Android 34 · Google sdk_gphone64_arm64
09-15 22:40:58.258 I [ws] connected
09-15 22:41:23.663 I [voice] calisan ses ucu: http://10.0.2.2:8199
09-15 22:42:20.329 I [app] started · Android 34 · Google sdk_gphone64_arm64
09-15 22:42:24.368 I [ws] connected
09-15 22:42:47.842 I [voice] calisan ses ucu: http://10.0.2.2:8199
09-15 22:44:10.239 I [app] started · Android 34 · Google sdk_gphone64_arm64
09-15 22:44:12.106 I [ws] connected
09-15 22:44:37.900 I [voice] calisan ses ucu: http://10.0.2.2:8199
09-15 22:44:47.922 I [voice] calisan ses ucu: https://hermes.winterfell07.keenetic.pro/voice-api
09-15 23:41:43.836 I [app] started · Android 34 · Google sdk_gphone64_arm64
09-15 23:41:45.666 I [asistan] mod acildi (yerel hat)
09-15 23:41:47.192 I [ws] connected
